Date,Type,Sub Type,Action,Symbol,Instrument Type,Description,Value,Quantity,Average Price,Commissions,Fees,Multiplier,Root Symbol,Underlying Symbol,Expiration Date,Strike Price,Call or Put,Order #,Currency
2023-12-30T11:50:20-0800,Money Movement,Balance Adjustment,,,,Regulatory fee adjustment,-0.01,0,,--,0.00,,,,,,,,USD
2023-12-29T14:00:00-0800,Money Movement,Credit Interest,,,,INTEREST ON CREDIT BALANCE,0.18,0,,--,0.00,,,,,,,,USD
2023-12-29T09:43:35-0800,Trade,Sell to Open,SELL_TO_OPEN,SPY   240216P00458000,Equity Option,Sold 1 SPY 02/16/24 Put 458.00 @ 2.94,294.00,1,294.00,-1.00,-0.132,100,SPY,SPY,2/16/24,458.0,PUT,301342998,USD
2023-12-29T09:43:35-0800,Trade,Buy to Close,BUY_TO_CLOSE,SPY   240119P00458000,Equity Option,Bought 1 SPY 01/19/24 Put 458.00 @ 0.86,-86.00,1,-86.00,0.00,-0.12,100,SPY,SPY,1/19/24,458.0,PUT,301342998,USD
2023-12-18T14:00:00-0800,Money Movement,Credit Interest,,,,INTEREST ON CREDIT BALANCE,0.16,0,,--,0.00,,,,,,,,USD
2023-12-14T11:27:57-0800,Trade,Sell to Open,SELL_TO_OPEN,SPY   240119P00458000,Equity Option,Sold 1 SPY 01/19/24 Put 458.00 @ 2.12,212.00,1,212.00,-1.00,-0.132,100,SPY,SPY,1/19/24,458.0,PUT,299482149,USD
2023-12-14T11:27:57-0800,Trade,Buy to Open,BUY_TO_OPEN,SPY   240419P00510000,Equity Option,Bought 1 SPY 04/19/24 Put 510.00 @ 40.88,"-4,088.00",1,"-4,088.00",-1.00,-0.12,100,SPY,SPY,4/19/24,510.0,PUT,299482149,USD
2023-12-14T07:25:05-0800,Trade,Buy to Close,BUY_TO_CLOSE,PYPL  240119C00060000,Equity Option,Bought 5 PYPL 01/19/24 Call 60.00 @ 4.64,"-2,320.00",5,-464.00,0.00,-0.60,100,PYPL,PYPL,1/19/24,60.0,CALL,299360665,USD
2023-12-14T07:25:05-0800,Trade,Sell to Close,SELL_TO_CLOSE,PYPL,Equity,Sold 500 PYPL @ 63.13,"31,565.00",500,63.13,0.00,-0.733,,,,,,,299360665,USD
2023-12-09T13:15:02-0800,Money Movement,Balance Adjustment,,,,Regulatory fee adjustment,-0.02,0,,--,0.00,,,,,,,,USD
2023-12-08T07:56:06-0800,Trade,Sell to Close,SELL_TO_CLOSE,DOCU  240216C00045000,Equity Option,Sold 1 DOCU 02/16/24 Call 45.00 @ 5.90,590.00,1,590.00,0.00,-0.132,100,DOCU,DOCU,2/16/24,45.0,CALL,298539072,USD
2023-12-08T06:50:33-0800,Trade,Buy to Close,BUY_TO_CLOSE,DOCU  231208C00050000,Equity Option,Bought 1 DOCU 12/08/23 Call 50.00 @ 0.03,-3.00,1,-3.00,0.00,-0.12,100,DOCU,DOCU,12/08/23,50.0,CALL,298487154,USD
2023-12-07T10:41:17-0800,Trade,Sell to Open,SELL_TO_OPEN,DOCU  231208C00050000,Equity Option,Sold 1 DOCU 12/08/23 Call 50.00 @ 1.01,101.00,1,101.00,-1.00,-0.132,100,DOCU,DOCU,12/08/23,50.0,CALL,298395941,USD
2023-12-07T10:41:17-0800,Trade,Buy to Open,BUY_TO_OPEN,DOCU  240216C00045000,Equity Option,Bought 1 DOCU 02/16/24 Call 45.00 @ 4.99,-499.00,1,-499.00,-1.00,-0.12,100,DOCU,DOCU,2/16/24,45.0,CALL,298395941,USD
2023-11-27T07:13:07-0800,Trade,Buy to Close,BUY_TO_CLOSE,PYPL  231215C00060000,Equity Option,Bought 5 PYPL 12/15/23 Call 60.00 @ 0.40,-200.00,5,-40.00,0.00,-0.60,100,PYPL,PYPL,12/15/23,60.0,CALL,296734478,USD
2023-11-27T07:13:07-0800,Trade,Sell to Open,SELL_TO_OPEN,PYPL  240119C00060000,Equity Option,Sold 5 PYPL 01/19/24 Call 60.00 @ 1.31,655.00,5,131.00,-5.00,-0.622,100,PYPL,PYPL,1/19/24,60.0,CALL,296734478,USD
2023-11-18T14:36:30-0800,Money Movement,Balance Adjustment,,,,Regulatory fee adjustment,-0.01,0,,--,0.00,,,,,,,,USD
2023-11-16T14:00:00-0800,Money Movement,Credit Interest,,,,INTEREST ON CREDIT BALANCE,0.16,0,,--,0.00,,,,,,,,USD
2023-11-15T06:39:58-0800,Trade,Sell to Close,SELL_TO_CLOSE,TGT   240119C00110000,Equity Option,Sold 1 TGT 01/19/24 Call 110.00 @ 20.45,"2,045.00",1,"2,045.00",0.00,-0.142,100,TGT,TGT,1/19/24,110.0,CALL,295429991,USD
2023-11-15T06:39:58-0800,Trade,Buy to Close,BUY_TO_CLOSE,TGT   231117C00120000,Equity Option,Bought 1 TGT 11/17/23 Call 120.00 @ 9.00,-900.00,1,-900.00,0.00,-0.12,100,TGT,TGT,11/17/23,120.0,CALL,295429991,USD
2023-11-14T11:56:02-0800,Trade,Sell to Open,SELL_TO_OPEN,TGT   231117C00120000,Equity Option,Sold 1 TGT 11/17/23 Call 120.00 @ 1.06,106.00,1,106.00,-1.00,-0.132,100,TGT,TGT,11/17/23,120.0,CALL,295357798,USD
2023-11-14T11:56:02-0800,Trade,Buy to Open,BUY_TO_OPEN,TGT   240119C00110000,Equity Option,Bought 1 TGT 01/19/24 Call 110.00 @ 7.18,-718.00,1,-718.00,-1.00,-0.12,100,TGT,TGT,1/19/24,110.0,CALL,295357798,USD
2023-11-07T07:35:11-0800,Trade,Buy to Close,BUY_TO_CLOSE,UNG   231117C00007000,Equity Option,Bought 2 UNG 11/17/23 Call 7.00 @ 0.10,-20.00,2,-10.00,0.00,-0.24,100,UNG,UNG,11/17/23,7.0,CALL,294237903,USD
2023-11-02T11:20:36-0700,Trade,Sell to Open,SELL_TO_OPEN,PYPL  231215C00060000,Equity Option,Sold 4 PYPL 12/15/23 Call 60.00 @ 0.86,344.00,4,86.00,-4.00,-0.50,100,PYPL,PYPL,12/15/23,60.0,CALL,293673017,USD
2023-11-02T11:20:36-0700,Trade,Sell to Open,SELL_TO_OPEN,PYPL  231215C00060000,Equity Option,Sold 1 PYPL 12/15/23 Call 60.00 @ 0.86,86.00,1,86.00,-1.00,-0.132,100,PYPL,PYPL,12/15/23,60.0,CALL,293673017,USD
2023-10-16T14:00:00-0700,Money Movement,Credit Interest,,,,INTEREST ON CREDIT BALANCE,0.15,0,,--,0.00,,,,,,,,USD
2023-10-14T09:56:03-0700,Money Movement,Balance Adjustment,,,,Regulatory fee adjustment,-0.03,0,,--,0.00,,,,,,,,USD
2023-10-13T08:29:54-0700,Trade,Sell to Close,SELL_TO_CLOSE,QQQ   231020P00330000,Equity Option,Sold 1 QQQ 10/20/23 Put 330.00 @ 0.21,21.00,1,21.00,0.00,-0.132,100,QQQ,QQQ,10/20/23,330.0,PUT,290551023,USD
2023-10-13T08:29:54-0700,Trade,Sell to Close,SELL_TO_CLOSE,QQQ   231020C00380000,Equity Option,Sold 1 QQQ 10/20/23 Call 380.00 @ 0.28,28.00,1,28.00,0.00,-0.132,100,QQQ,QQQ,10/20/23,380.0,CALL,290551023,USD
2023-10-13T08:29:54-0700,Trade,Buy to Close,BUY_TO_CLOSE,QQQ   231020P00340000,Equity Option,Bought 1 QQQ 10/20/23 Put 340.00 @ 0.36,-36.00,1,-36.00,0.00,-0.12,100,QQQ,QQQ,10/20/23,340.0,PUT,290551023,USD
2023-10-13T08:29:54-0700,Trade,Buy to Close,BUY_TO_CLOSE,QQQ   231020C00370000,Equity Option,Bought 1 QQQ 10/20/23 Call 370.00 @ 2.66,-266.00,1,-266.00,0.00,-0.12,100,QQQ,QQQ,10/20/23,370.0,CALL,290551023,USD
2023-10-06T12:52:42-0700,Trade,Sell to Close,SELL_TO_CLOSE,AAPL  231020C00200000,Equity Option,Sold 1 AAPL 10/20/23 Call 200.00 @ 0.01,1.00,1,1.00,0.00,-0.132,100,AAPL,AAPL,10/20/23,200.0,CALL,289660880,USD
2023-10-06T12:52:42-0700,Trade,Sell to Close,SELL_TO_CLOSE,AAPL  231117C00180000,Equity Option,Sold 1 AAPL 11/17/23 Call 180.00 @ 5.27,527.00,1,527.00,0.00,-0.132,100,AAPL,AAPL,11/17/23,180.0,CALL,289660880,USD
2023-09-30T10:29:04-0700,Money Movement,Balance Adjustment,,,,Regulatory fee adjustment,-0.03,0,,--,0.00,,,,,,,,USD
2023-09-28T11:11:35-0700,Trade,Buy to Close,BUY_TO_CLOSE,AAPL  231020C00190000,Equity Option,Bought 2 AAPL 10/20/23 Call 190.00 @ 0.09,-18.00,2,-9.00,0.00,-0.26,100,AAPL,AAPL,10/20/23,190.0,CALL,288366473,USD
2023-09-28T09:28:20-0700,Trade,Sell to Open,SELL_TO_OPEN,UNG   231117C00007000,Equity Option,Sold 2 UNG 11/17/23 Call 7.00 @ 0.52,104.00,2,52.00,-2.00,-0.275,100,UNG,UNG,11/17/23,7.0,CALL,288332216,USD
2023-09-26T10:51:28-0700,Trade,Buy to Open,BUY_TO_OPEN,QQQ   231020P00330000,Equity Option,Bought 1 QQQ 10/20/23 Put 330.00 @ 1.63,-163.00,1,-163.00,-1.00,-0.13,100,QQQ,QQQ,10/20/23,330.0,PUT,287936467,USD
2023-09-26T10:51:28-0700,Trade,Buy to Open,BUY_TO_OPEN,QQQ   231020C00380000,Equity Option,Bought 1 QQQ 10/20/23 Call 380.00 @ 0.62,-62.00,1,-62.00,-1.00,-0.13,100,QQQ,QQQ,10/20/23,380.0,CALL,287936467,USD
2023-09-26T10:51:28-0700,Trade,Sell to Open,SELL_TO_OPEN,QQQ   231020P00340000,Equity Option,Sold 1 QQQ 10/20/23 Put 340.00 @ 3.08,308.00,1,308.00,-1.00,-0.142,100,QQQ,QQQ,10/20/23,340.0,PUT,287936467,USD
2023-09-26T10:51:28-0700,Trade,Sell to Open,SELL_TO_OPEN,QQQ   231020C00370000,Equity Option,Sold 1 QQQ 10/20/23 Call 370.00 @ 2.21,221.00,1,221.00,-1.00,-0.142,100,QQQ,QQQ,10/20/23,370.0,CALL,287936467,USD
2023-09-23T12:22:08-0700,Money Movement,Balance Adjustment,,,,Regulatory fee adjustment,-0.02,0,,--,0.00,,,,,,,,USD
2023-09-21T07:18:41-0700,Trade,Buy to Close,BUY_TO_CLOSE,DIS   231020C00083000,Equity Option,Bought 1 DIS 10/20/23 Call 83.00 @ 2.55,-255.00,1,-255.00,0.00,-0.13,100,DIS,DIS,10/20/23,83.0,CALL,287239854,USD
2023-09-21T07:18:41-0700,Trade,Sell to Close,SELL_TO_CLOSE,DIS   231020C00078000,Equity Option,Sold 2 DIS 10/20/23 Call 78.00 @ 6.06,"1,212.00",2,606.00,0.00,-0.275,100,DIS,DIS,10/20/23,78.0,CALL,287239854,USD
2023-09-21T07:14:26-0700,Trade,Buy to Close,BUY_TO_CLOSE,PYPL  231020C00067500,Equity Option,Bought 5 PYPL 10/20/23 Call 67.50 @ 0.23,-115.00,5,-23.00,0.00,-0.65,100,PYPL,PYPL,10/20/23,67.5,CALL,287236041,USD
2023-09-19T10:55:48-0700,Trade,Sell to Open,SELL_TO_OPEN,DIS   231020C00083000,Equity Option,Sold 1 DIS 10/20/23 Call 83.00 @ 2.09,209.00,1,209.00,-1.00,-0.142,100,DIS,DIS,10/20/23,83.0,CALL,286933034,USD
2023-09-19T10:55:48-0700,Trade,Buy to Open,BUY_TO_OPEN,DIS   231020C00078000,Equity Option,Bought 2 DIS 10/20/23 Call 78.00 @ 5.41,"-1,082.00",2,-541.00,-2.00,-0.26,100,DIS,DIS,10/20/23,78.0,CALL,286933034,USD
2023-09-19T09:00:18-0700,Trade,Sell to Close,SELL_TO_CLOSE,TSLA  231020P00280000,Equity Option,Sold 1 TSLA 10/20/23 Put 280.00 @ 24.31,"2,431.00",1,"2,431.00",0.00,-0.152,100,TSLA,TSLA,10/20/23,280.0,PUT,286895347,USD
2023-09-19T09:00:18-0700,Trade,Buy to Close,BUY_TO_CLOSE,TSLA  231020P00270000,Equity Option,Bought 1 TSLA 10/20/23 Put 270.00 @ 18.26,"-1,826.00",1,"-1,826.00",0.00,-0.13,100,TSLA,TSLA,10/20/23,270.0,PUT,286895347,USD
2023-09-18T14:00:00-0700,Money Movement,Credit Interest,,,,INTEREST ON CREDIT BALANCE,0.22,0,,--,0.00,,,,,,,,USD
2023-09-15T10:38:29-0700,Trade,Sell to Open,SELL_TO_OPEN,TSLA  231020P00270000,Equity Option,Sold 1 TSLA 10/20/23 Put 270.00 @ 14.70,"1,470.00",1,"1,470.00",-1.00,-0.152,100,TSLA,TSLA,10/20/23,270.0,PUT,286553953,USD
2023-09-15T10:38:29-0700,Trade,Buy to Open,BUY_TO_OPEN,TSLA  231020P00280000,Equity Option,Bought 1 TSLA 10/20/23 Put 280.00 @ 19.80,"-1,980.00",1,"-1,980.00",-1.00,-0.13,100,TSLA,TSLA,10/20/23,280.0,PUT,286553953,USD
2023-09-12T11:45:14-0700,Trade,Sell to Open,SELL_TO_OPEN,PYPL  231020C00067500,Equity Option,Sold 5 PYPL 10/20/23 Call 67.50 @ 0.92,460.00,5,92.00,-5.00,-0.672,100,PYPL,PYPL,10/20/23,67.5,CALL,285967769,USD
2023-09-09T09:43:27-0700,Money Movement,Balance Adjustment,,,,Regulatory fee adjustment,-0.02,0,,--,0.00,,,,,,,,USD
2023-09-07T08:19:44-0700,Trade,Sell to Open,SELL_TO_OPEN,AAPL  231020C00190000,Equity Option,Sold 2 AAPL 10/20/23 Call 190.00 @ 1.53,306.00,2,153.00,-2.00,-0.275,100,AAPL,AAPL,10/20/23,190.0,CALL,285319420,USD
2023-09-07T08:19:44-0700,Trade,Buy to Open,BUY_TO_OPEN,AAPL  231117C00180000,Equity Option,Bought 1 AAPL 11/17/23 Call 180.00 @ 7.54,-754.00,1,-754.00,-1.00,-0.13,100,AAPL,AAPL,11/17/23,180.0,CALL,285319420,USD
2023-09-07T08:19:44-0700,Trade,Buy to Open,BUY_TO_OPEN,AAPL  231020C00200000,Equity Option,Bought 1 AAPL 10/20/23 Call 200.00 @ 0.38,-38.00,1,-38.00,-1.00,-0.13,100,AAPL,AAPL,10/20/23,200.0,CALL,285319420,USD
2023-09-06T07:46:41-0700,Trade,Sell to Close,SELL_TO_CLOSE,TSLA  231020P00265000,Equity Option,Sold 1 TSLA 10/20/23 Put 265.00 @ 27.70,"2,770.00",1,"2,770.00",0.00,-0.162,100,TSLA,TSLA,10/20/23,265.0,PUT,285091982,USD
2023-09-06T07:46:41-0700,Trade,Buy to Close,BUY_TO_CLOSE,TSLA  231020P00255000,Equity Option,Bought 1 TSLA 10/20/23 Put 255.00 @ 21.50,"-2,150.00",1,"-2,150.00",0.00,-0.13,100,TSLA,TSLA,10/20/23,255.0,PUT,285091982,USD
2023-09-05T09:54:53-0700,Trade,Sell to Open,SELL_TO_OPEN,TSLA  231020P00255000,Equity Option,Sold 1 TSLA 10/20/23 Put 255.00 @ 17.15,"1,715.00",1,"1,715.00",-1.00,-0.152,100,TSLA,TSLA,10/20/23,255.0,PUT,284951881,USD
2023-09-05T09:54:53-0700,Trade,Buy to Open,BUY_TO_OPEN,TSLA  231020P00265000,Equity Option,Bought 1 TSLA 10/20/23 Put 265.00 @ 22.50,"-2,250.00",1,"-2,250.00",-1.00,-0.13,100,TSLA,TSLA,10/20/23,265.0,PUT,284951881,USD
2023-08-26T12:27:01-0700,Money Movement,Balance Adjustment,,,,Regulatory fee adjustment,-0.02,0,,--,0.00,,,,,,,,USD
2023-08-25T09:34:46-0700,Trade,Sell to Close,SELL_TO_CLOSE,NVDA  231020P00485000,Equity Option,Sold 1 NVDA 10/20/23 Put 485.00 @ 48.06,"4,806.00",1,"4,806.00",0.00,-0.172,100,NVDA,NVDA,10/20/23,485.0,PUT,283702124,USD
2023-08-25T09:34:46-0700,Trade,Buy to Close,BUY_TO_CLOSE,NVDA  231020P00475000,Equity Option,Bought 1 NVDA 10/20/23 Put 475.00 @ 41.71,"-4,171.00",1,"-4,171.00",0.00,-0.13,100,NVDA,NVDA,10/20/23,475.0,PUT,283702124,USD
2023-08-24T12:10:21-0700,Trade,Buy to Open,BUY_TO_OPEN,PYPL,Equity,Bought 200 PYPL @ 61.01,"-12,201.38",200,-61.01,0.00,-0.16,,,,,,,283523384,USD
2023-08-24T12:09:28-0700,Trade,Sell to Open,SELL_TO_OPEN,NVDA  231020P00475000,Equity Option,Sold 1 NVDA 10/20/23 Put 475.00 @ 29.52,"2,952.00",1,"2,952.00",-1.00,-0.162,100,NVDA,NVDA,10/20/23,475.0,PUT,283523102,USD
2023-08-24T12:09:28-0700,Trade,Buy to Open,BUY_TO_OPEN,NVDA  231020P00485000,Equity Option,Bought 1 NVDA 10/20/23 Put 485.00 @ 34.65,"-3,465.00",1,"-3,465.00",-1.00,-0.13,100,NVDA,NVDA,10/20/23,485.0,PUT,283523102,USD
2023-08-18T07:34:09-0700,Trade,Buy to Open,BUY_TO_OPEN,PYPL,Equity,Bought 300 PYPL @ 58.90,"-17,669.58",300,-58.90,0.00,-0.24,,,,,,,282574725,USD
2023-08-16T14:00:00-0700,Money Movement,Credit Interest,,,,INTEREST ON CREDIT BALANCE,0.41,0,,--,0.00,,,,,,,,USD
2023-07-22T10:11:29-0700,Money Movement,Balance Adjustment,,,,Regulatory fee adjustment,-0.02,0,,--,0.00,,,,,,,,USD
2023-07-18T09:10:33-0700,Trade,Sell to Close,SELL_TO_CLOSE,MSFT  230818P00295000,Equity Option,Sold 1 MSFT 08/18/23 Put 295.00 @ 0.72,72.00,1,72.00,0.00,-0.142,100,MSFT,MSFT,8/18/23,295.0,PUT,277646638,USD
2023-07-18T09:10:33-0700,Trade,Buy to Close,BUY_TO_CLOSE,MSFT  230818P00305000,Equity Option,Bought 1 MSFT 08/18/23 Put 305.00 @ 1.07,-107.00,1,-107.00,0.00,-0.13,100,MSFT,MSFT,8/18/23,305.0,PUT,277646638,USD
2023-07-18T09:10:33-0700,Trade,Sell to Close,SELL_TO_CLOSE,MSFT  230818C00365000,Equity Option,Sold 1 MSFT 08/18/23 Call 365.00 @ 12.25,"1,225.00",1,"1,225.00",0.00,-0.142,100,MSFT,MSFT,8/18/23,365.0,CALL,277646638,USD
2023-07-18T09:10:33-0700,Trade,Buy to Close,BUY_TO_CLOSE,MSFT  230818C00355000,Equity Option,Bought 1 MSFT 08/18/23 Call 355.00 @ 17.38,"-1,738.00",1,"-1,738.00",0.00,-0.13,100,MSFT,MSFT,8/18/23,355.0,CALL,277646638,USD
2023-07-17T14:00:00-0700,Money Movement,Credit Interest,,,,INTEREST ON CREDIT BALANCE,0.39,0,,--,0.00,,,,,,,,USD
2023-07-14T08:34:38-0700,Trade,Buy to Close,BUY_TO_CLOSE,UNG   230818C00008000,Equity Option,Bought 2 UNG 08/18/23 Call 8.00 @ 0.16,-32.00,2,-16.00,0.00,-0.26,100,UNG,UNG,8/18/23,8.0,CALL,277222904,USD
2023-07-06T10:28:07-0700,Trade,Sell to Close,SELL_TO_CLOSE,QQQ   230818P00361000,Equity Option,Sold 1 QQQ 08/18/23 Put 361.00 @ 6.44,644.00,1,644.00,0.00,-0.142,100,QQQ,QQQ,8/18/23,361.0,PUT,276007040,USD
2023-07-05T07:06:55-0700,Trade,Buy to Close,BUY_TO_CLOSE,QQQ   230721P00347000,Equity Option,Bought 1 QQQ 07/21/23 Put 347.00 @ 0.58,-58.00,1,-58.00,0.00,-0.13,100,QQQ,QQQ,7/21/23,347.0,PUT,275722616,USD
2023-07-01T08:18:37-0700,Money Movement,Balance Adjustment,,,,Regulatory fee adjustment,-0.04,0,,--,0.00,,,,,,,,USD
2023-06-27T12:39:46-0700,Trade,Sell to Close,SELL_TO_CLOSE,AMD   230721P00085000,Equity Option,Sold 1 AMD 07/21/23 Put 85.00 @ 0.12,12.00,1,12.00,0.00,-0.142,100,AMD,AMD,7/21/23,85.0,PUT,274894863,USD
2023-06-27T12:39:46-0700,Trade,Sell to Close,SELL_TO_CLOSE,AMD   230721C00160000,Equity Option,Sold 1 AMD 07/21/23 Call 160.00 @ 0.07,7.00,1,7.00,0.00,-0.142,100,AMD,AMD,7/21/23,160.0,CALL,274894863,USD
2023-06-27T12:39:46-0700,Trade,Buy to Close,BUY_TO_CLOSE,AMD   230721P00100000,Equity Option,Bought 1 AMD 07/21/23 Put 100.00 @ 1.02,-102.00,1,-102.00,0.00,-0.13,100,AMD,AMD,7/21/23,100.0,PUT,274894863,USD
2023-06-27T12:39:46-0700,Trade,Buy to Close,BUY_TO_CLOSE,AMD   230721C00145000,Equity Option,Bought 1 AMD 07/21/23 Call 145.00 @ 0.19,-19.00,1,-19.00,0.00,-0.13,100,AMD,AMD,7/21/23,145.0,CALL,274894863,USD
2023-06-27T09:43:47-0700,Trade,Buy to Open,BUY_TO_OPEN,MSFT  230818P00295000,Equity Option,Bought 1 MSFT 08/18/23 Put 295.00 @ 2.61,-261.00,1,-261.00,-1.00,-0.13,100,MSFT,MSFT,8/18/23,295.0,PUT,274823866,USD
2023-06-27T09:43:47-0700,Trade,Sell to Open,SELL_TO_OPEN,MSFT  230818P00305000,Equity Option,Sold 1 MSFT 08/18/23 Put 305.00 @ 3.87,387.00,1,387.00,-1.00,-0.142,100,MSFT,MSFT,8/18/23,305.0,PUT,274823866,USD
2023-06-27T09:43:47-0700,Trade,Buy to Open,BUY_TO_OPEN,MSFT  230818C00365000,Equity Option,Bought 1 MSFT 08/18/23 Call 365.00 @ 3.03,-303.00,1,-303.00,-1.00,-0.13,100,MSFT,MSFT,8/18/23,365.0,CALL,274823866,USD
2023-06-27T09:43:47-0700,Trade,Sell to Open,SELL_TO_OPEN,MSFT  230818C00355000,Equity Option,Sold 1 MSFT 08/18/23 Call 355.00 @ 5.04,504.00,1,504.00,-1.00,-0.142,100,MSFT,MSFT,8/18/23,355.0,CALL,274823866,USD
2023-06-21T09:58:40-0700,Trade,Sell to Open,SELL_TO_OPEN,UNG   230818C00008000,Equity Option,Sold 1 UNG 08/18/23 Call 8.00 @ 0.43,43.00,1,43.00,-1.00,-0.142,100,UNG,UNG,8/18/23,8.0,CALL,274032884,USD
2023-06-21T09:58:40-0700,Trade,Sell to Open,SELL_TO_OPEN,UNG   230818C00008000,Equity Option,Sold 1 UNG 08/18/23 Call 8.00 @ 0.43,43.00,1,43.00,-1.00,-0.142,100,UNG,UNG,8/18/23,8.0,CALL,274032884,USD
2023-06-17T10:56:54-0700,Money Movement,Balance Adjustment,,,,Regulatory fee adjustment,-0.01,0,,--,0.00,,,,,,,,USD
2023-06-16T14:00:00-0700,Money Movement,Credit Interest,,,,INTEREST ON CREDIT BALANCE,0.40,0,,--,0.00,,,,,,,,USD
2023-06-15T08:50:07-0700,Trade,Sell to Close,SELL_TO_CLOSE,TGT   230818C00135000,Equity Option,Sold 1 TGT 08/18/23 Call 135.00 @ 9.00,900.00,1,900.00,0.00,-0.142,100,TGT,TGT,8/18/23,135.0,CALL,273327580,USD
2023-06-15T08:49:34-0700,Trade,Buy to Close,BUY_TO_CLOSE,TGT   230721C00145000,Equity Option,Bought 1 TGT 07/21/23 Call 145.00 @ 2.06,-206.00,1,-206.00,0.00,-0.13,100,TGT,TGT,7/21/23,145.0,CALL,273327307,USD
2023-06-10T07:06:48-0700,Money Movement,Balance Adjustment,,,,Regulatory fee adjustment,-0.03,0,,--,0.00,,,,,,,,USD
2023-06-07T10:10:47-0700,Trade,Sell to Open,SELL_TO_OPEN,AMD   230721C00145000,Equity Option,Sold 1 AMD 07/21/23 Call 145.00 @ 1.46,146.00,1,146.00,-1.00,-0.142,100,AMD,AMD,7/21/23,145.0,CALL,272072455,USD
2023-06-07T10:10:47-0700,Trade,Sell to Open,SELL_TO_OPEN,AMD   230721P00100000,Equity Option,Sold 1 AMD 07/21/23 Put 100.00 @ 1.27,127.00,1,127.00,-1.00,-0.142,100,AMD,AMD,7/21/23,100.0,PUT,272072455,USD
2023-06-07T10:10:47-0700,Trade,Buy to Open,BUY_TO_OPEN,AMD   230721C00160000,Equity Option,Bought 1 AMD 07/21/23 Call 160.00 @ 0.61,-61.00,1,-61.00,-1.00,-0.13,100,AMD,AMD,7/21/23,160.0,CALL,272072455,USD
2023-06-07T10:10:47-0700,Trade,Buy to Open,BUY_TO_OPEN,AMD   230721P00085000,Equity Option,Bought 1 AMD 07/21/23 Put 85.00 @ 0.27,-27.00,1,-27.00,-1.00,-0.13,100,AMD,AMD,7/21/23,85.0,PUT,272072455,USD
2023-06-06T08:18:35-0700,Trade,Sell to Open,SELL_TO_OPEN,TGT   230721C00145000,Equity Option,Sold 1 TGT 07/21/23 Call 145.00 @ 1.10,110.00,1,110.00,-1.00,-0.142,100,TGT,TGT,7/21/23,145.0,CALL,271807140,USD
2023-06-06T08:18:35-0700,Trade,Buy to Open,BUY_TO_OPEN,TGT   230818C00135000,Equity Option,Bought 1 TGT 08/18/23 Call 135.00 @ 6.90,-690.00,1,-690.00,-1.00,-0.13,100,TGT,TGT,8/18/23,135.0,CALL,271807140,USD
2023-06-05T12:35:56-0700,Trade,Buy to Close,BUY_TO_CLOSE,SBUX  230721C00097500,Equity Option,Bought 1 SBUX 07/21/23 Call 97.50 @ 4.77,-477.00,1,-477.00,0.00,-0.13,100,SBUX,SBUX,7/21/23,97.5,CALL,271700066,USD
2023-06-05T12:35:56-0700,Trade,Sell to Close,SELL_TO_CLOSE,SBUX  230721C00090000,Equity Option,Sold 2 SBUX 07/21/23 Call 90.00 @ 11.08,"2,216.00",2,"1,108.00",0.00,-0.285,100,SBUX,SBUX,7/21/23,90.0,CALL,271700066,USD
2023-06-03T07:45:11-0700,Money Movement,Balance Adjustment,,,,Regulatory fee adjustment,-0.06,0,,--,0.00,,,,,,,,USD
2023-06-02T11:16:42-0700,Trade,Sell to Close,SELL_TO_CLOSE,NVDA  230721P00300000,Equity Option,Sold 1 NVDA 07/21/23 Put 300.00 @ 1.54,154.00,1,154.00,0.00,-0.142,100,NVDA,NVDA,7/21/23,300.0,PUT,271447598,USD
2023-06-02T11:16:42-0700,Trade,Sell to Close,SELL_TO_CLOSE,NVDA  230721C00450000,Equity Option,Sold 1 NVDA 07/21/23 Call 450.00 @ 8.19,819.00,1,819.00,0.00,-0.142,100,NVDA,NVDA,7/21/23,450.0,CALL,271447598,USD
2023-06-02T11:16:42-0700,Trade,Buy to Close,BUY_TO_CLOSE,NVDA  230721P00310000,Equity Option,Bought 1 NVDA 07/21/23 Put 310.00 @ 2.21,-221.00,1,-221.00,0.00,-0.13,100,NVDA,NVDA,7/21/23,310.0,PUT,271447598,USD
2023-06-02T11:16:42-0700,Trade,Buy to Close,BUY_TO_CLOSE,NVDA  230721C00440000,Equity Option,Bought 1 NVDA 07/21/23 Call 440.00 @ 10.03,"-1,003.00",1,"-1,003.00",0.00,-0.13,100,NVDA,NVDA,7/21/23,440.0,CALL,271447598,USD
2023-06-01T07:48:17-0700,Trade,Sell to Close,SELL_TO_CLOSE,IWM   230721P00140000,Equity Option,Sold 1 IWM 07/21/23 Put 140.00 @ 0.32,32.00,1,32.00,0.00,-0.142,100,IWM,IWM,7/21/23,140.0,PUT,271094715,USD
2023-06-01T07:48:17-0700,Trade,Buy to Close,BUY_TO_CLOSE,IWM   230721P00158000,Equity Option,Bought 1 IWM 07/21/23 Put 158.00 @ 1.20,-120.00,1,-120.00,0.00,-0.13,100,IWM,IWM,7/21/23,158.0,PUT,271094715,USD
2023-06-01T07:48:17-0700,Trade,Sell to Close,SELL_TO_CLOSE,IWM   230721C00204000,Equity Option,Sold 1 IWM 07/21/23 Call 204.00 @ 0.06,6.00,1,6.00,0.00,-0.142,100,IWM,IWM,7/21/23,204.0,CALL,271094715,USD
2023-06-01T07:48:17-0700,Trade,Buy to Close,BUY_TO_CLOSE,IWM   230721C00189000,Equity Option,Bought 1 IWM 07/21/23 Call 189.00 @ 0.67,-67.00,1,-67.00,0.00,-0.13,100,IWM,IWM,7/21/23,189.0,CALL,271094715,USD
2023-05-30T12:15:02-0700,Trade,Sell to Open,SELL_TO_OPEN,SBUX  230721C00097500,Equity Option,Sold 1 SBUX 07/21/23 Call 97.50 @ 3.79,379.00,1,379.00,-1.00,-0.142,100,SBUX,SBUX,7/21/23,97.5,CALL,270775041,USD
2023-05-30T12:15:02-0700,Trade,Buy to Open,BUY_TO_OPEN,SBUX  230721C00090000,Equity Option,Bought 2 SBUX 07/21/23 Call 90.00 @ 9.40,"-1,880.00",2,-940.00,-2.00,-0.26,100,SBUX,SBUX,7/21/23,90.0,CALL,270775041,USD
2023-05-30T09:19:42-0700,Trade,Buy to Close,BUY_TO_CLOSE,UNG   230721C00008000,Equity Option,Bought 2 UNG 07/21/23 Call 8.00 @ 0.18,-36.00,2,-18.00,0.00,-0.26,100,UNG,UNG,7/21/23,8.0,CALL,270707267,USD
2023-05-30T08:34:57-0700,Trade,Sell to Open,SELL_TO_OPEN,QQQ   230721P00347000,Equity Option,Sold 1 QQQ 07/21/23 Put 347.00 @ 8.26,826.00,1,826.00,-1.00,-0.142,100,QQQ,QQQ,7/21/23,347.0,PUT,270695823,USD
2023-05-30T08:34:57-0700,Trade,Buy to Open,BUY_TO_OPEN,QQQ   230818P00361000,Equity Option,Bought 1 QQQ 08/18/23 Put 361.00 @ 16.91,"-1,691.00",1,"-1,691.00",-1.00,-0.13,100,QQQ,QQQ,8/18/23,361.0,PUT,270695823,USD
2023-05-30T08:25:14-0700,Trade,Sell to Close,SELL_TO_CLOSE,GLD   230616P00177000,Equity Option,Sold 1 GLD 06/16/23 Put 177.00 @ 0.53,53.00,1,53.00,0.00,-0.142,100,GLD,GLD,6/16/23,177.0,PUT,270691082,USD
2023-05-30T08:25:14-0700,Trade,Sell to Close,SELL_TO_CLOSE,GLD   230616C00198000,Equity Option,Sold 1 GLD 06/16/23 Call 198.00 @ 0.12,12.00,1,12.00,0.00,-0.142,100,GLD,GLD,6/16/23,198.0,CALL,270691082,USD
2023-05-30T08:25:14-0700,Trade,Buy to Close,BUY_TO_CLOSE,GLD   230616P00182000,Equity Option,Bought 1 GLD 06/16/23 Put 182.00 @ 2.11,-211.00,1,-211.00,0.00,-0.13,100,GLD,GLD,6/16/23,182.0,PUT,270691082,USD
2023-05-30T08:25:14-0700,Trade,Buy to Close,BUY_TO_CLOSE,GLD   230616C00193000,Equity Option,Bought 1 GLD 06/16/23 Call 193.00 @ 0.27,-27.00,1,-27.00,0.00,-0.13,100,GLD,GLD,6/16/23,193.0,CALL,270691082,USD
2023-05-27T07:31:47-0700,Money Movement,Balance Adjustment,,,,Regulatory fee adjustment,-0.06,0,,--,0.00,,,,,,,,USD
2023-05-25T10:20:40-0700,Trade,Buy to Close,BUY_TO_CLOSE,X     230616C00023000,Equity Option,Bought 1 X 06/16/23 Call 23.00 @ 0.42,-42.00,1,-42.00,0.00,-0.13,100,X,X,6/16/23,23.0,CALL,270247590,USD
2023-05-25T10:20:40-0700,Trade,Buy to Close,BUY_TO_CLOSE,X     230616P00023000,Equity Option,Bought 1 X 06/16/23 Put 23.00 @ 2.08,-208.00,1,-208.00,0.00,-0.13,100,X,X,6/16/23,23.0,PUT,270247590,USD
2023-05-25T07:10:08-0700,Trade,Sell to Open,SELL_TO_OPEN,NVDA  230721C00440000,Equity Option,Sold 1 NVDA 07/21/23 Call 440.00 @ 11.77,"1,177.00",1,"1,177.00",-1.00,-0.142,100,NVDA,NVDA,7/21/23,440.0,CALL,270156950,USD
2023-05-25T07:10:08-0700,Trade,Sell to Open,SELL_TO_OPEN,NVDA  230721P00310000,Equity Option,Sold 1 NVDA 07/21/23 Put 310.00 @ 5.43,543.00,1,543.00,-1.00,-0.142,100,NVDA,NVDA,7/21/23,310.0,PUT,270156950,USD
2023-05-25T07:10:08-0700,Trade,Buy to Open,BUY_TO_OPEN,NVDA  230721C00450000,Equity Option,Bought 1 NVDA 07/21/23 Call 450.00 @ 9.84,-984.00,1,-984.00,-1.00,-0.13,100,NVDA,NVDA,7/21/23,450.0,CALL,270156950,USD
2023-05-25T07:10:08-0700,Trade,Buy to Open,BUY_TO_OPEN,NVDA  230721P00300000,Equity Option,Bought 1 NVDA 07/21/23 Put 300.00 @ 4.07,-407.00,1,-407.00,-1.00,-0.13,100,NVDA,NVDA,7/21/23,300.0,PUT,270156950,USD
2023-05-24T09:28:21-0700,Trade,Buy to Close,BUY_TO_CLOSE,QQQ   230721P00325000,Equity Option,Bought 1 QQQ 07/21/23 Put 325.00 @ 8.04,-804.00,1,-804.00,0.00,-0.13,100,QQQ,QQQ,7/21/23,325.0,PUT,270003389,USD
2023-05-24T09:28:21-0700,Trade,Sell to Close,SELL_TO_CLOSE,QQQ   230818P00351000,Equity Option,Sold 1 QQQ 08/18/23 Put 351.00 @ 23.26,"2,326.00",1,"2,326.00",0.00,-0.152,100,QQQ,QQQ,8/18/23,351.0,PUT,270003389,USD
2023-05-24T07:53:50-0700,Trade,Sell to Open,SELL_TO_OPEN,UNG   230721C00008000,Equity Option,Sold 1 UNG 07/21/23 Call 8.00 @ 0.38,38.00,1,38.00,-1.00,-0.142,100,UNG,UNG,7/21/23,8.0,CALL,269965207,USD
2023-05-24T07:53:50-0700,Trade,Sell to Open,SELL_TO_OPEN,UNG   230721C00008000,Equity Option,Sold 1 UNG 07/21/23 Call 8.00 @ 0.38,38.00,1,38.00,-1.00,-0.142,100,UNG,UNG,7/21/23,8.0,CALL,269965207,USD
2023-05-24T07:22:37-0700,Trade,Buy to Open,BUY_TO_OPEN,IWM   230721P00140000,Equity Option,Bought 1 IWM 07/21/23 Put 140.00 @ 0.59,-59.00,1,-59.00,-1.00,-0.13,100,IWM,IWM,7/21/23,140.0,PUT,269946378,USD
2023-05-24T07:22:37-0700,Trade,Sell to Open,SELL_TO_OPEN,IWM   230721P00158000,Equity Option,Sold 1 IWM 07/21/23 Put 158.00 @ 1.88,188.00,1,188.00,-1.00,-0.142,100,IWM,IWM,7/21/23,158.0,PUT,269946378,USD
2023-05-24T07:22:37-0700,Trade,Buy to Open,BUY_TO_OPEN,IWM   230721C00204000,Equity Option,Bought 1 IWM 07/21/23 Call 204.00 @ 0.11,-11.00,1,-11.00,-1.00,-0.13,100,IWM,IWM,7/21/23,204.0,CALL,269946378,USD
2023-05-24T07:22:37-0700,Trade,Sell to Open,SELL_TO_OPEN,IWM   230721C00189000,Equity Option,Sold 1 IWM 07/21/23 Call 189.00 @ 1.11,111.00,1,111.00,-1.00,-0.142,100,IWM,IWM,7/21/23,189.0,CALL,269946378,USD
2023-05-22T08:43:11-0700,Trade,Buy to Open,BUY_TO_OPEN,QQQ   230818P00351000,Equity Option,Bought 1 QQQ 08/18/23 Put 351.00 @ 17.79,"-1,779.00",1,"-1,779.00",-1.00,-0.13,100,QQQ,QQQ,8/18/23,351.0,PUT,269573819,USD
2023-05-22T08:43:11-0700,Trade,Sell to Open,SELL_TO_OPEN,QQQ   230721P00325000,Equity Option,Sold 1 QQQ 07/21/23 Put 325.00 @ 5.33,533.00,1,533.00,-1.00,-0.142,100,QQQ,QQQ,7/21/23,325.0,PUT,269573819,USD
2023-05-20T06:52:06-0700,Money Movement,Balance Adjustment,,,,Regulatory fee adjustment,-0.02,0,,--,0.00,,,,,,,,USD
2023-05-19T09:22:33-0700,Trade,Buy to Close,BUY_TO_CLOSE,XLRE  230818P00036000,Equity Option,Bought 1 XLRE 08/18/23 Put 36.00 @ 1.50,-150.00,1,-150.00,0.00,-0.13,100,XLRE,XLRE,8/18/23,36.0,PUT,269384549,USD
2023-05-19T09:22:33-0700,Trade,Sell to Close,SELL_TO_CLOSE,XLRE  230818P00040000,Equity Option,Sold 2 XLRE 08/18/23 Put 40.00 @ 4.09,818.00,2,409.00,0.00,-0.275,100,XLRE,XLRE,8/18/23,40.0,PUT,269384549,USD
2023-05-16T14:00:00-0700,Money Movement,Credit Interest,,,,INTEREST ON CREDIT BALANCE,0.39,0,,--,0.00,,,,,,,,USD
2023-05-16T12:21:57-0700,Trade,Sell to Close,SELL_TO_CLOSE,TGT   230616P00135000,Equity Option,Sold 1 TGT 06/16/23 Put 135.00 @ 1.21,121.00,1,121.00,0.00,-0.142,100,TGT,TGT,6/16/23,135.0,PUT,268759392,USD
2023-05-16T12:21:57-0700,Trade,Buy to Close,BUY_TO_CLOSE,TGT   230616P00145000,Equity Option,Bought 1 TGT 06/16/23 Put 145.00 @ 2.85,-285.00,1,-285.00,0.00,-0.13,100,TGT,TGT,6/16/23,145.0,PUT,268759392,USD
2023-05-16T12:21:57-0700,Trade,Sell to Close,SELL_TO_CLOSE,TGT   230616C00180000,Equity Option,Sold 1 TGT 06/16/23 Call 180.00 @ 0.93,93.00,1,93.00,0.00,-0.142,100,TGT,TGT,6/16/23,180.0,CALL,268759392,USD
2023-05-16T12:21:57-0700,Trade,Buy to Close,BUY_TO_CLOSE,TGT   230616C00170000,Equity Option,Bought 1 TGT 06/16/23 Call 170.00 @ 2.75,-275.00,1,-275.00,0.00,-0.13,100,TGT,TGT,6/16/23,170.0,CALL,268759392,USD
2023-05-13T06:25:10-0700,Money Movement,Balance Adjustment,,,,Regulatory fee adjustment,-0.01,0,,--,0.00,,,,,,,,USD
2023-05-08T12:46:17-0700,Trade,Buy to Open,BUY_TO_OPEN,GLD   230616P00177000,Equity Option,Bought 1 GLD 06/16/23 Put 177.00 @ 0.60,-60.00,1,-60.00,-1.00,-0.13,100,GLD,GLD,6/16/23,177.0,PUT,267545449,USD
2023-05-08T12:46:17-0700,Trade,Sell to Open,SELL_TO_OPEN,GLD   230616P00182000,Equity Option,Sold 1 GLD 06/16/23 Put 182.00 @ 1.48,148.00,1,148.00,-1.00,-0.142,100,GLD,GLD,6/16/23,182.0,PUT,267545449,USD
2023-05-08T12:46:17-0700,Trade,Buy to Open,BUY_TO_OPEN,GLD   230616C00198000,Equity Option,Bought 1 GLD 06/16/23 Call 198.00 @ 1.57,-157.00,1,-157.00,-1.00,-0.13,100,GLD,GLD,6/16/23,198.0,CALL,267545449,USD
2023-05-08T12:46:17-0700,Trade,Sell to Open,SELL_TO_OPEN,GLD   230616C00193000,Equity Option,Sold 1 GLD 06/16/23 Call 193.00 @ 2.72,272.00,1,272.00,-1.00,-0.142,100,GLD,GLD,6/16/23,193.0,CALL,267545449,USD
2023-05-06T07:29:01-0700,Money Movement,Balance Adjustment,,,,Regulatory fee adjustment,-0.01,0,,--,0.00,,,,,,,,USD
2023-05-02T07:56:33-0700,Trade,Buy to Close,BUY_TO_CLOSE,X     230616C00026000,Equity Option,Bought 1 X 06/16/23 Call 26.00 @ 0.29,-29.00,1,-29.00,0.00,-0.13,100,X,X,6/16/23,26.0,CALL,266577507,USD
2023-05-02T07:56:33-0700,Trade,Sell to Open,SELL_TO_OPEN,X     230616C00023000,Equity Option,Sold 1 X 06/16/23 Call 23.00 @ 1.00,100.00,1,100.00,-1.00,-0.142,100,X,X,6/16/23,23.0,CALL,266577507,USD
2023-04-29T08:36:53-0700,Money Movement,Balance Adjustment,,,,Regulatory fee adjustment,-0.04,0,,--,0.00,,,,,,,,USD
2023-04-26T11:58:09-0700,Trade,Buy to Close,BUY_TO_CLOSE,QQQ   230519P00300000,Equity Option,Bought 1 QQQ 05/19/23 Put 300.00 @ 2.99,-299.00,1,-299.00,0.00,-0.13,100,QQQ,QQQ,5/19/23,300.0,PUT,265784317,USD
2023-04-26T11:58:09-0700,Trade,Sell to Close,SELL_TO_CLOSE,QQQ   230616P00315000,Equity Option,Sold 1 QQQ 06/16/23 Put 315.00 @ 10.65,"1,065.00",1,"1,065.00",0.00,-0.142,100,QQQ,QQQ,6/16/23,315.0,PUT,265784317,USD
2023-04-26T07:16:37-0700,Trade,Buy to Open,BUY_TO_OPEN,TGT   230616P00135000,Equity Option,Bought 1 TGT 06/16/23 Put 135.00 @ 1.63,-163.00,1,-163.00,-1.00,-0.13,100,TGT,TGT,6/16/23,135.0,PUT,265661119,USD
2023-04-26T07:16:37-0700,Trade,Sell to Open,SELL_TO_OPEN,TGT   230616P00145000,Equity Option,Sold 1 TGT 06/16/23 Put 145.00 @ 3.39,339.00,1,339.00,-1.00,-0.142,100,TGT,TGT,6/16/23,145.0,PUT,265661119,USD
2023-04-26T07:16:37-0700,Trade,Buy to Open,BUY_TO_OPEN,TGT   230616C00180000,Equity Option,Bought 1 TGT 06/16/23 Call 180.00 @ 1.20,-120.00,1,-120.00,-1.00,-0.13,100,TGT,TGT,6/16/23,180.0,CALL,265661119,USD
2023-04-26T07:16:37-0700,Trade,Sell to Open,SELL_TO_OPEN,TGT   230616C00170000,Equity Option,Sold 1 TGT 06/16/23 Call 170.00 @ 3.21,321.00,1,321.00,-1.00,-0.142,100,TGT,TGT,6/16/23,170.0,CALL,265661119,USD
2023-04-26T07:14:13-0700,Trade,Sell to Open,SELL_TO_OPEN,X     230616C00026000,Equity Option,Sold 1 X 06/16/23 Call 26.00 @ 1.01,101.00,1,101.00,-1.00,-0.142,100,X,X,6/16/23,26.0,CALL,265658891,USD
2023-04-26T07:14:13-0700,Trade,Sell to Open,SELL_TO_OPEN,X     230616P00023000,Equity Option,Sold 1 X 06/16/23 Put 23.00 @ 1.26,126.00,1,126.00,-1.00,-0.142,100,X,X,6/16/23,23.0,PUT,265658891,USD
2023-04-26T07:12:43-0700,Trade,Buy to Close,BUY_TO_CLOSE,UNG   230616C00009000,Equity Option,Bought 1 UNG 06/16/23 Call 9.00 @ 0.13,-13.00,1,-13.00,0.00,-0.13,100,UNG,UNG,6/16/23,9.0,CALL,265657809,USD
2023-04-26T07:12:43-0700,Trade,Buy to Close,BUY_TO_CLOSE,UNG   230616C00009000,Equity Option,Bought 1 UNG 06/16/23 Call 9.00 @ 0.13,-13.00,1,-13.00,0.00,-0.13,100,UNG,UNG,6/16/23,9.0,CALL,265657809,USD
2023-04-22T06:42:14-0700,Money Movement,Balance Adjustment,,,,Regulatory fee adjustment,-0.01,0,,--,0.00,,,,,,,,USD
2023-04-18T07:47:46-0700,Trade,Sell to Open,SELL_TO_OPEN,QQQ   230519P00300000,Equity Option,Sold 1 QQQ 05/19/23 Put 300.00 @ 2.26,226.00,1,226.00,-1.00,-0.142,100,QQQ,QQQ,5/19/23,300.0,PUT,264435838,USD
2023-04-18T07:47:46-0700,Trade,Buy to Open,BUY_TO_OPEN,QQQ   230616P00315000,Equity Option,Bought 1 QQQ 06/16/23 Put 315.00 @ 8.35,-835.00,1,-835.00,-1.00,-0.13,100,QQQ,QQQ,6/16/23,315.0,PUT,264435838,USD
2023-04-17T14:00:00-0700,Money Movement,Credit Interest,,,,INTEREST ON CREDIT BALANCE,0.42,0,,--,0.00,,,,,,,,USD
2023-04-17T07:08:03-0700,Trade,Sell to Open,SELL_TO_OPEN,UNG   230616C00009000,Equity Option,Sold 2 UNG 06/16/23 Call 9.00 @ 0.32,64.00,2,32.00,-2.00,-0.275,100,UNG,UNG,6/16/23,9.0,CALL,264209351,USD
2023-04-15T06:16:10-0700,Money Movement,Balance Adjustment,,,,Regulatory fee adjustment,-0.08,0,,--,0.00,,,,,,,,USD
2023-04-12T07:33:48-0700,Trade,Sell to Close,SELL_TO_CLOSE,IWM   230519C00202000,Equity Option,Sold 1 IWM 05/19/23 Call 202.00 @ 0.09,9.00,1,9.00,0.00,-0.142,100,IWM,IWM,5/19/23,202.0,CALL,263610294,USD
2023-04-12T07:33:48-0700,Trade,Buy to Close,BUY_TO_CLOSE,IWM   230519C00188000,Equity Option,Bought 1 IWM 05/19/23 Call 188.00 @ 1.21,-121.00,1,-121.00,0.00,-0.13,100,IWM,IWM,5/19/23,188.0,CALL,263610294,USD
2023-04-12T07:33:48-0700,Trade,Buy to Close,BUY_TO_CLOSE,IWM   230519P00165000,Equity Option,Bought 1 IWM 05/19/23 Put 165.00 @ 1.48,-148.00,1,-148.00,0.00,-0.13,100,IWM,IWM,5/19/23,165.0,PUT,263610294,USD
2023-04-12T07:33:48-0700,Trade,Sell to Close,SELL_TO_CLOSE,IWM   230519P00150000,Equity Option,Sold 1 IWM 05/19/23 Put 150.00 @ 0.34,34.00,1,34.00,0.00,-0.142,100,IWM,IWM,5/19/23,150.0,PUT,263610294,USD
2023-04-04T10:29:19-0700,Trade,Sell to Open,SELL_TO_OPEN,IWM   230519C00188000,Equity Option,Sold 1 IWM 05/19/23 Call 188.00 @ 1.21,121.00,1,121.00,-1.00,-0.142,100,IWM,IWM,5/19/23,188.0,CALL,262728803,USD
2023-04-04T10:29:19-0700,Trade,Sell to Open,SELL_TO_OPEN,IWM   230519P00165000,Equity Option,Sold 1 IWM 05/19/23 Put 165.00 @ 2.34,234.00,1,234.00,-1.00,-0.142,100,IWM,IWM,5/19/23,165.0,PUT,262728803,USD
2023-04-04T10:29:19-0700,Trade,Buy to Open,BUY_TO_OPEN,IWM   230519C00202000,Equity Option,Bought 1 IWM 05/19/23 Call 202.00 @ 0.10,-10.00,1,-10.00,-1.00,-0.13,100,IWM,IWM,5/19/23,202.0,CALL,262728803,USD
2023-04-04T10:29:19-0700,Trade,Buy to Open,BUY_TO_OPEN,IWM   230519P00150000,Equity Option,Bought 1 IWM 05/19/23 Put 150.00 @ 0.67,-67.00,1,-67.00,-1.00,-0.13,100,IWM,IWM,5/19/23,150.0,PUT,262728803,USD
2023-04-03T11:16:07-0700,Trade,Buy to Open,BUY_TO_OPEN,XLRE  230818P00040000,Equity Option,Bought 2 XLRE 08/18/23 Put 40.00 @ 3.78,-756.00,2,-378.00,-2.00,-0.26,100,XLRE,XLRE,8/18/23,40.0,PUT,262541775,USD
2023-04-03T11:16:07-0700,Trade,Sell to Open,SELL_TO_OPEN,XLRE  230818P00036000,Equity Option,Sold 1 XLRE 08/18/23 Put 36.00 @ 1.66,166.00,1,166.00,-1.00,-0.142,100,XLRE,XLRE,8/18/23,36.0,PUT,262541775,USD
2023-04-03T07:21:01-0700,Trade,Sell to Close,SELL_TO_CLOSE,NVDA  230421C00255000,Equity Option,Sold 1 NVDA 04/21/23 Call 255.00 @ 26.65,"2,665.00",1,"2,665.00",0.00,-0.162,100,NVDA,NVDA,4/21/23,255.0,CALL,262448684,USD
2023-04-03T07:21:01-0700,Trade,Buy to Close,BUY_TO_CLOSE,NVDA  230421C00245000,Equity Option,Bought 1 NVDA 04/21/23 Call 245.00 @ 35.30,"-3,530.00",1,"-3,530.00",0.00,-0.13,100,NVDA,NVDA,4/21/23,245.0,CALL,262448684,USD
2023-04-03T07:20:46-0700,Trade,Sell to Close,SELL_TO_CLOSE,XOP   230421P00110000,Equity Option,Sold 1 XOP 04/21/23 Put 110.00 @ 0.15,15.00,1,15.00,0.00,-0.142,100,XOP,XOP,4/21/23,110.0,PUT,262448480,USD
2023-04-03T07:20:46-0700,Trade,Sell to Close,SELL_TO_CLOSE,XOP   230421C00155000,Equity Option,Sold 1 XOP 04/21/23 Call 155.00 @ 0.15,15.00,1,15.00,0.00,-0.142,100,XOP,XOP,4/21/23,155.0,CALL,262448480,USD
2023-04-03T07:20:46-0700,Trade,Buy to Close,BUY_TO_CLOSE,XOP   230421P00120000,Equity Option,Bought 1 XOP 04/21/23 Put 120.00 @ 0.60,-60.00,1,-60.00,0.00,-0.13,100,XOP,XOP,4/21/23,120.0,PUT,262448480,USD
2023-04-03T07:20:46-0700,Trade,Buy to Close,BUY_TO_CLOSE,XOP   230421C00145000,Equity Option,Bought 1 XOP 04/21/23 Call 145.00 @ 0.91,-91.00,1,-91.00,0.00,-0.13,100,XOP,XOP,4/21/23,145.0,CALL,262448480,USD
2023-04-03T07:20:24-0700,Trade,Sell to Close,SELL_TO_CLOSE,MSFT  230421C00295000,Equity Option,Sold 1 MSFT 04/21/23 Call 295.00 @ 3.46,346.00,1,346.00,0.00,-0.142,100,MSFT,MSFT,4/21/23,295.0,CALL,262448076,USD
2023-04-03T07:20:24-0700,Trade,Buy to Close,BUY_TO_CLOSE,MSFT  230421C00280000,Equity Option,Bought 1 MSFT 04/21/23 Call 280.00 @ 11.91,"-1,191.00",1,"-1,191.00",0.00,-0.13,100,MSFT,MSFT,4/21/23,280.0,CALL,262448076,USD
2023-04-03T07:19:54-0700,Trade,Sell to Close,SELL_TO_CLOSE,ADBE  230421C00385000,Equity Option,Sold 1 ADBE 04/21/23 Call 385.00 @ 9.08,908.00,1,908.00,0.00,-0.142,100,ADBE,ADBE,4/21/23,385.0,CALL,262447898,USD
2023-04-03T07:19:54-0700,Trade,Buy to Close,BUY_TO_CLOSE,ADBE  230421C00370000,Equity Option,Bought 1 ADBE 04/21/23 Call 370.00 @ 18.52,"-1,852.00",1,"-1,852.00",0.00,-0.13,100,ADBE,ADBE,4/21/23,370.0,CALL,262447898,USD
2023-04-01T07:12:50-0700,Money Movement,Balance Adjustment,,,,Regulatory fee adjustment,-0.04,0,,--,0.00,,,,,,,,USD
2023-03-31T12:07:54-0700,Trade,Buy to Close,BUY_TO_CLOSE,ADBE  230421P00290000,Equity Option,Bought 1 ADBE 04/21/23 Put 290.00 @ 0.12,-12.00,1,-12.00,0.00,-0.13,100,ADBE,ADBE,4/21/23,290.0,PUT,262332232,USD
2023-03-31T12:07:54-0700,Trade,Sell to Close,SELL_TO_CLOSE,ADBE  230421P00275000,Equity Option,Sold 1 ADBE 04/21/23 Put 275.00 @ 0.06,6.00,1,6.00,0.00,-0.142,100,ADBE,ADBE,4/21/23,275.0,PUT,262332232,USD
2023-03-31T12:06:28-0700,Trade,Sell to Close,SELL_TO_CLOSE,MSFT  230421P00215000,Equity Option,Sold 1 MSFT 04/21/23 Put 215.00 @ 0.05,5.00,1,5.00,0.00,-0.142,100,MSFT,MSFT,4/21/23,215.0,PUT,262331482,USD
2023-03-31T12:06:28-0700,Trade,Buy to Close,BUY_TO_CLOSE,MSFT  230421P00230000,Equity Option,Bought 1 MSFT 04/21/23 Put 230.00 @ 0.11,-11.00,1,-11.00,0.00,-0.13,100,MSFT,MSFT,4/21/23,230.0,PUT,262331482,USD
2023-03-28T07:35:33-0700,Trade,Buy to Close,BUY_TO_CLOSE,LUV   230421C00030000,Equity Option,Bought 1 LUV 04/21/23 Call 30.00 @ 1.42,-142.00,1,-142.00,0.00,-0.13,100,LUV,LUV,4/21/23,30.0,CALL,261594161,USD
2023-03-28T07:35:33-0700,Trade,Sell to Close,SELL_TO_CLOSE,LUV   230421C00027500,Equity Option,Sold 2 LUV 04/21/23 Call 27.50 @ 3.25,650.00,2,325.00,0.00,-0.275,100,LUV,LUV,4/21/23,27.5,CALL,261594161,USD
2023-03-27T06:49:10-0700,Trade,Sell to Close,SELL_TO_CLOSE,IWM   230421P00145000,Equity Option,Sold 1 IWM 04/21/23 Put 145.00 @ 0.22,22.00,1,22.00,0.00,-0.142,100,IWM,IWM,4/21/23,145.0,PUT,261367428,USD
2023-03-27T06:49:10-0700,Trade,Buy to Close,BUY_TO_CLOSE,IWM   230421P00160000,Equity Option,Bought 1 IWM 04/21/23 Put 160.00 @ 1.10,-110.00,1,-110.00,0.00,-0.13,100,IWM,IWM,4/21/23,160.0,PUT,261367428,USD
2023-03-27T06:49:10-0700,Trade,Sell to Close,SELL_TO_CLOSE,IWM   230421C00202000,Equity Option,Sold 1 IWM 04/21/23 Call 202.00 @ 0.03,3.00,1,3.00,0.00,-0.142,100,IWM,IWM,4/21/23,202.0,CALL,261367428,USD
2023-03-27T06:49:10-0700,Trade,Buy to Close,BUY_TO_CLOSE,IWM   230421C00187000,Equity Option,Bought 1 IWM 04/21/23 Call 187.00 @ 0.55,-55.00,1,-55.00,0.00,-0.13,100,IWM,IWM,4/21/23,187.0,CALL,261367428,USD
2023-03-25T07:05:11-0700,Money Movement,Balance Adjustment,,,,Regulatory fee adjustment,-0.01,0,,--,0.00,,,,,,,,USD
2023-03-24T14:00:00-0700,Receive Deliver,Assignment,,UNG   230421P00012000,Equity Option,Removal of option due to assignment,0.00,1,0.00,--,0.00,100,UNG,UNG,4/21/23,12.0,PUT,,USD
2023-03-24T14:00:00-0700,Receive Deliver,Buy to Open,BUY_TO_OPEN,UNG,Equity,Buy to Open 100 UNG @ 12.00,"-1,200.00",100,-12.00,--,-5.00,,,,,,,,USD
2023-03-22T06:54:17-0700,Trade,Sell to Close,SELL_TO_CLOSE,NKE   230421C00150000,Equity Option,Sold 1 NKE 04/21/23 Call 150.00 @ 0.03,3.00,1,3.00,0.00,-0.142,100,NKE,NKE,4/21/23,150.0,CALL,260681448,USD
2023-03-22T06:54:17-0700,Trade,Buy to Close,BUY_TO_CLOSE,NKE   230421C00135000,Equity Option,Bought 1 NKE 04/21/23 Call 135.00 @ 0.74,-74.00,1,-74.00,0.00,-0.13,100,NKE,NKE,4/21/23,135.0,CALL,260681448,USD
2023-03-22T06:54:17-0700,Trade,Buy to Close,BUY_TO_CLOSE,NKE   230421P00105000,Equity Option,Bought 1 NKE 04/21/23 Put 105.00 @ 0.29,-29.00,1,-29.00,0.00,-0.13,100,NKE,NKE,4/21/23,105.0,PUT,260681448,USD
2023-03-22T06:54:17-0700,Trade,Sell to Close,SELL_TO_CLOSE,NKE   230421P00090000,Equity Option,Sold 1 NKE 04/21/23 Put 90.00 @ 0.04,4.00,1,4.00,0.00,-0.142,100,NKE,NKE,4/21/23,90.0,PUT,260681448,USD
2023-03-21T07:10:10-0700,Trade,Buy to Close,BUY_TO_CLOSE,SCHW  230421P00050000,Equity Option,Bought 1 SCHW 04/21/23 Put 50.00 @ 1.48,-148.00,1,-148.00,0.00,-0.13,100,SCHW,SCHW,4/21/23,50.0,PUT,260489339,USD
2023-03-20T08:04:01-0700,Trade,Buy to Close,BUY_TO_CLOSE,SPX   230421P03630000,Equity Option,Bought 2 SPX 04/21/23 Put 3630.00 @ 23.70,"-4,740.00",2,"-2,370.00",0.00,-1.56,100,SPX,SPX,4/21/23,3630.0,PUT,260321518,USD
2023-03-20T08:04:01-0700,Trade,Sell to Close,SELL_TO_CLOSE,SPX   230421P03680000,Equity Option,Sold 1 SPX 04/21/23 Put 3680.00 @ 29.40,"2,940.00",1,"2,940.00",0.00,-0.782,100,SPX,SPX,4/21/23,3680.0,PUT,260321518,USD
2023-03-20T08:04:01-0700,Trade,Sell to Close,SELL_TO_CLOSE,SPX   230421P03530000,Equity Option,Sold 1 SPX 04/21/23 Put 3530.00 @ 15.55,"1,555.00",1,"1,555.00",0.00,-0.782,100,SPX,SPX,4/21/23,3530.0,PUT,260321518,USD
2023-03-18T07:50:47-0700,Money Movement,Balance Adjustment,,,,Regulatory fee adjustment,-0.03,0,,--,0.00,,,,,,,,USD
2023-03-17T09:52:45-0700,Trade,Buy to Open,BUY_TO_OPEN,SPX   230421P03530000,Equity Option,Bought 1 SPX 04/21/23 Put 3530.00 @ 19.87,"-1,987.00",1,"-1,987.00",-1.00,-0.78,100,SPX,SPX,4/21/23,3530.0,PUT,260134203,USD
2023-03-17T09:52:45-0700,Trade,Buy to Open,BUY_TO_OPEN,SPX   230421P03680000,Equity Option,Bought 1 SPX 04/21/23 Put 3680.00 @ 37.35,"-3,735.00",1,"-3,735.00",-1.00,-0.78,100,SPX,SPX,4/21/23,3680.0,PUT,260134203,USD
2023-03-17T09:52:45-0700,Trade,Sell to Open,SELL_TO_OPEN,SPX   230421P03630000,Equity Option,Sold 2 SPX 04/21/23 Put 3630.00 @ 30.16,"6,032.00",2,"3,016.00",-2.00,-1.565,100,SPX,SPX,4/21/23,3630.0,PUT,260134203,USD
2023-03-16T14:00:00-0700,Money Movement,Credit Interest,,,,INTEREST ON CREDIT BALANCE,0.37,0,,--,0.00,,,,,,,,USD
2023-03-16T08:11:33-0700,Trade,Sell to Open,SELL_TO_OPEN,LUV   230421C00030000,Equity Option,Sold 1 LUV 04/21/23 Call 30.00 @ 1.50,150.00,1,150.00,-1.00,-0.142,100,LUV,LUV,4/21/23,30.0,CALL,259841135,USD
2023-03-16T08:11:33-0700,Trade,Buy to Open,BUY_TO_OPEN,LUV   230421C00027500,Equity Option,Bought 2 LUV 04/21/23 Call 27.50 @ 3.20,-640.00,2,-320.00,-2.00,-0.26,100,LUV,LUV,4/21/23,27.5,CALL,259841135,USD
2023-03-16T08:09:32-0700,Trade,Sell to Open,SELL_TO_OPEN,SCHW  230421P00050000,Equity Option,Sold 1 SCHW 04/21/23 Put 50.00 @ 2.37,237.00,1,237.00,-1.00,-0.142,100,SCHW,SCHW,4/21/23,50.0,PUT,259839756,USD
2023-03-16T07:52:36-0700,Trade,Buy to Close,BUY_TO_CLOSE,SPX   230421P03600000,Equity Option,Bought 2 SPX 04/21/23 Put 3600.00 @ 27.08,"-5,416.00",2,"-2,708.00",0.00,-1.56,100,SPX,SPX,4/21/23,3600.0,PUT,259826526,USD
2023-03-16T07:52:36-0700,Trade,Sell to Close,SELL_TO_CLOSE,SPX   230421P03650000,Equity Option,Sold 1 SPX 04/21/23 Put 3650.00 @ 33.52,"3,352.00",1,"3,352.00",0.00,-0.782,100,SPX,SPX,4/21/23,3650.0,PUT,259826526,USD
2023-03-16T07:52:36-0700,Trade,Sell to Close,SELL_TO_CLOSE,SPX   230421P03500000,Equity Option,Sold 1 SPX 04/21/23 Put 3500.00 @ 17.79,"1,779.00",1,"1,779.00",0.00,-0.782,100,SPX,SPX,4/21/23,3500.0,PUT,259826526,USD
2023-03-15T09:44:45-0700,Trade,Sell to Open,SELL_TO_OPEN,SPX   230421P03600000,Equity Option,Sold 2 SPX 04/21/23 Put 3600.00 @ 45.95,"9,190.00",2,"4,595.00",-2.00,-1.565,100,SPX,SPX,4/21/23,3600.0,PUT,259647077,USD
2023-03-15T09:44:45-0700,Trade,Buy to Open,BUY_TO_OPEN,SPX   230421P03650000,Equity Option,Bought 1 SPX 04/21/23 Put 3650.00 @ 55.10,"-5,510.00",1,"-5,510.00",-1.00,-0.78,100,SPX,SPX,4/21/23,3650.0,PUT,259647077,USD
2023-03-15T09:44:45-0700,Trade,Buy to Open,BUY_TO_OPEN,SPX   230421P03500000,Equity Option,Bought 1 SPX 04/21/23 Put 3500.00 @ 32.20,"-3,220.00",1,"-3,220.00",-1.00,-0.78,100,SPX,SPX,4/21/23,3500.0,PUT,259647077,USD
2023-03-14T06:59:06-0700,Trade,Buy to Close,BUY_TO_CLOSE,SQ    230421C00080000,Equity Option,Bought 1 SQ 04/21/23 Call 80.00 @ 2.51,-251.00,1,-251.00,0.00,-0.13,100,SQ,SQ,4/21/23,80.0,CALL,259326501,USD
2023-03-14T06:59:06-0700,Trade,Buy to Close,BUY_TO_CLOSE,SQ    230421P00065000,Equity Option,Bought 1 SQ 04/21/23 Put 65.00 @ 2.68,-268.00,1,-268.00,0.00,-0.13,100,SQ,SQ,4/21/23,65.0,PUT,259326501,USD
2023-03-14T06:57:01-0700,Trade,Sell to Close,SELL_TO_CLOSE,SPX   230421P03500000,Equity Option,Sold 1 SPX 04/21/23 Put 3500.00 @ 15.64,"1,564.00",1,"1,564.00",0.00,-0.782,100,SPX,SPX,4/21/23,3500.0,PUT,259324766,USD
2023-03-14T06:57:01-0700,Trade,Sell to Close,SELL_TO_CLOSE,SPX   230421P03650000,Equity Option,Sold 1 SPX 04/21/23 Put 3650.00 @ 30.77,"3,077.00",1,"3,077.00",0.00,-0.782,100,SPX,SPX,4/21/23,3650.0,PUT,259324766,USD
2023-03-14T06:57:01-0700,Trade,Buy to Close,BUY_TO_CLOSE,SPX   230421P03600000,Equity Option,Bought 2 SPX 04/21/23 Put 3600.00 @ 24.43,"-4,886.00",2,"-2,443.00",0.00,-1.56,100,SPX,SPX,4/21/23,3600.0,PUT,259324766,USD
2023-03-13T12:15:49-0700,Trade,Buy to Open,BUY_TO_OPEN,IWM   230421P00145000,Equity Option,Bought 1 IWM 04/21/23 Put 145.00 @ 0.71,-71.00,1,-71.00,-1.00,-0.13,100,IWM,IWM,4/21/23,145.0,PUT,259242003,USD
2023-03-13T12:15:49-0700,Trade,Sell to Open,SELL_TO_OPEN,IWM   230421P00160000,Equity Option,Sold 1 IWM 04/21/23 Put 160.00 @ 2.15,215.00,1,215.00,-1.00,-0.142,100,IWM,IWM,4/21/23,160.0,PUT,259242003,USD
2023-03-13T12:15:49-0700,Trade,Buy to Open,BUY_TO_OPEN,IWM   230421C00202000,Equity Option,Bought 1 IWM 04/21/23 Call 202.00 @ 0.14,-14.00,1,-14.00,-1.00,-0.13,100,IWM,IWM,4/21/23,202.0,CALL,259242003,USD
2023-03-13T12:15:49-0700,Trade,Sell to Open,SELL_TO_OPEN,IWM   230421C00187000,Equity Option,Sold 1 IWM 04/21/23 Call 187.00 @ 1.41,141.00,1,141.00,-1.00,-0.142,100,IWM,IWM,4/21/23,187.0,CALL,259242003,USD
2023-03-13T10:53:14-0700,Trade,Buy to Open,BUY_TO_OPEN,NVDA  230421C00255000,Equity Option,Bought 1 NVDA 04/21/23 Call 255.00 @ 6.25,-625.00,1,-625.00,-1.00,-0.13,100,NVDA,NVDA,4/21/23,255.0,CALL,259212853,USD
2023-03-13T10:53:14-0700,Trade,Sell to Open,SELL_TO_OPEN,NVDA  230421C00245000,Equity Option,Sold 1 NVDA 04/21/23 Call 245.00 @ 9.40,940.00,1,940.00,-1.00,-0.142,100,NVDA,NVDA,4/21/23,245.0,CALL,259212853,USD
2023-03-13T06:50:03-0700,Trade,Sell to Close,SELL_TO_CLOSE,NVDA  230421P00230000,Equity Option,Sold 1 NVDA 04/21/23 Put 230.00 @ 16.95,"1,695.00",1,"1,695.00",0.00,-0.152,100,NVDA,NVDA,4/21/23,230.0,PUT,259077277,USD
2023-03-13T06:49:43-0700,Trade,Buy to Close,BUY_TO_CLOSE,NVDA  230317P00220000,Equity Option,Bought 1 NVDA 03/17/23 Put 220.00 @ 4.20,-420.00,1,-420.00,0.00,-0.13,100,NVDA,NVDA,3/17/23,220.0,PUT,259076759,USD
2023-03-11T06:55:54-0800,Money Movement,Balance Adjustment,,,,Regulatory fee adjustment,-0.08,0,,--,0.00,,,,,,,,USD
2023-03-10T12:49:44-0800,Trade,Buy to Open,BUY_TO_OPEN,XOP   230421C00155000,Equity Option,Bought 1 XOP 04/21/23 Call 155.00 @ 0.41,-41.00,1,-41.00,-1.00,-0.13,100,XOP,XOP,4/21/23,155.0,CALL,258988316,USD
2023-03-10T12:49:44-0800,Trade,Sell to Open,SELL_TO_OPEN,XOP   230421C00145000,Equity Option,Sold 1 XOP 04/21/23 Call 145.00 @ 1.31,131.00,1,131.00,-1.00,-0.142,100,XOP,XOP,4/21/23,145.0,CALL,258988316,USD
2023-03-10T12:49:44-0800,Trade,Sell to Open,SELL_TO_OPEN,XOP   230421P00120000,Equity Option,Sold 1 XOP 04/21/23 Put 120.00 @ 4.06,406.00,1,406.00,-1.00,-0.142,100,XOP,XOP,4/21/23,120.0,PUT,258988316,USD
2023-03-10T12:49:44-0800,Trade,Buy to Open,BUY_TO_OPEN,XOP   230421P00110000,Equity Option,Bought 1 XOP 04/21/23 Put 110.00 @ 1.78,-178.00,1,-178.00,-1.00,-0.13,100,XOP,XOP,4/21/23,110.0,PUT,258988316,USD
2023-03-10T12:49:00-0800,Trade,Sell to Open,SELL_TO_OPEN,SPX   230421P03600000,Equity Option,Sold 2 SPX 04/21/23 Put 3600.00 @ 40.13,"8,026.00",2,"4,013.00",-2.00,-1.565,100,SPX,SPX,4/21/23,3600.0,PUT,258987822,USD
2023-03-10T12:49:00-0800,Trade,Buy to Open,BUY_TO_OPEN,SPX   230421P03650000,Equity Option,Bought 1 SPX 04/21/23 Put 3650.00 @ 49.41,"-4,941.00",1,"-4,941.00",-1.00,-0.78,100,SPX,SPX,4/21/23,3650.0,PUT,258987822,USD
2023-03-10T12:49:00-0800,Trade,Buy to Open,BUY_TO_OPEN,SPX   230421P03500000,Equity Option,Bought 1 SPX 04/21/23 Put 3500.00 @ 26.70,"-2,670.00",1,"-2,670.00",-1.00,-0.78,100,SPX,SPX,4/21/23,3500.0,PUT,258987822,USD
2023-03-10T11:03:58-0800,Trade,Sell to Open,SELL_TO_OPEN,SQ    230421P00065000,Equity Option,Sold 1 SQ 04/21/23 Put 65.00 @ 3.74,374.00,1,374.00,-1.00,-0.142,100,SQ,SQ,4/21/23,65.0,PUT,258929367,USD
2023-03-10T11:03:58-0800,Trade,Sell to Open,SELL_TO_OPEN,SQ    230421C00080000,Equity Option,Sold 1 SQ 04/21/23 Call 80.00 @ 2.65,265.00,1,265.00,-1.00,-0.142,100,SQ,SQ,4/21/23,80.0,CALL,258929367,USD
2023-03-10T08:57:14-0800,Trade,Buy to Open,BUY_TO_OPEN,NVDA  230421P00230000,Equity Option,Bought 1 NVDA 04/21/23 Put 230.00 @ 14.15,"-1,415.00",1,"-1,415.00",-1.00,-0.13,100,NVDA,NVDA,4/21/23,230.0,PUT,258861326,USD
2023-03-10T08:57:14-0800,Trade,Sell to Open,SELL_TO_OPEN,NVDA  230317P00220000,Equity Option,Sold 1 NVDA 03/17/23 Put 220.00 @ 2.40,240.00,1,240.00,-1.00,-0.142,100,NVDA,NVDA,3/17/23,220.0,PUT,258861326,USD
2023-03-09T12:52:37-0800,Trade,Sell to Close,SELL_TO_CLOSE,SPY   230421P00400000,Equity Option,Sold 1 SPY 04/21/23 Put 400.00 @ 14.44,"1,444.00",1,"1,444.00",0.00,-0.152,100,SPY,SPY,4/21/23,400.0,PUT,258692342,USD
2023-03-09T12:52:37-0800,Trade,Buy to Close,BUY_TO_CLOSE,SPY   230317P00390000,Equity Option,Bought 1 SPY 03/17/23 Put 390.00 @ 5.15,-515.00,1,-515.00,0.00,-0.13,100,SPY,SPY,3/17/23,390.0,PUT,258692342,USD
2023-03-09T12:43:27-0800,Trade,Sell to Close,SELL_TO_CLOSE,TSLA  230421C00215000,Equity Option,Sold 1 TSLA 04/21/23 Call 215.00 @ 3.52,352.00,1,352.00,0.00,-0.142,100,TSLA,TSLA,4/21/23,215.0,CALL,258685605,USD
2023-03-09T12:43:27-0800,Trade,Buy to Close,BUY_TO_CLOSE,TSLA  230421C00205000,Equity Option,Bought 1 TSLA 04/21/23 Call 205.00 @ 5.21,-521.00,1,-521.00,0.00,-0.13,100,TSLA,TSLA,4/21/23,205.0,CALL,258685605,USD
2023-03-09T08:33:52-0800,Trade,Sell to Open,SELL_TO_OPEN,SPY   230317P00390000,Equity Option,Sold 1 SPY 03/17/23 Put 390.00 @ 2.05,205.00,1,205.00,-1.00,-0.142,100,SPY,SPY,3/17/23,390.0,PUT,258568920,USD
2023-03-09T08:33:52-0800,Trade,Buy to Open,BUY_TO_OPEN,SPY   230421P00400000,Equity Option,Bought 1 SPY 04/21/23 Put 400.00 @ 9.73,-973.00,1,-973.00,-1.00,-0.13,100,SPY,SPY,4/21/23,400.0,PUT,258568920,USD
2023-03-07T11:23:34-0800,Trade,Sell to Close,SELL_TO_CLOSE,SPY   230316P00411000,Equity Option,Sold 1 SPY 03/16/23 Put 411.00 @ 13.13,"1,313.00",1,"1,313.00",0.00,-0.152,100,SPY,SPY,3/16/23,411.0,PUT,258246860,USD
2023-03-07T11:23:34-0800,Trade,Sell to Close,SELL_TO_CLOSE,SPY   230316P00411000,Equity Option,Sold 1 SPY 03/16/23 Put 411.00 @ 13.12,"1,312.00",1,"1,312.00",0.00,-0.152,100,SPY,SPY,3/16/23,411.0,PUT,258246860,USD
2023-03-07T11:23:34-0800,Trade,Buy to Close,BUY_TO_CLOSE,SPY   230316P00404000,Equity Option,Bought 1 SPY 03/16/23 Put 404.00 @ 7.90,-790.00,1,-790.00,0.00,-0.13,100,SPY,SPY,3/16/23,404.0,PUT,258246860,USD
2023-03-06T11:00:31-0800,Trade,Buy to Open,BUY_TO_OPEN,SPY   230316P00411000,Equity Option,Bought 2 SPY 03/16/23 Put 411.00 @ 8.24,"-1,648.00",2,-824.00,-2.00,-0.26,100,SPY,SPY,3/16/23,411.0,PUT,258045348,USD
2023-03-06T11:00:31-0800,Trade,Sell to Open,SELL_TO_OPEN,SPY   230316P00404000,Equity Option,Sold 1 SPY 03/16/23 Put 404.00 @ 4.48,448.00,1,448.00,-1.00,-0.142,100,SPY,SPY,3/16/23,404.0,PUT,258045348,USD
2023-03-04T06:51:27-0800,Money Movement,Balance Adjustment,,,,Regulatory fee adjustment,-0.12,0,,--,0.00,,,,,,,,USD
2023-03-03T10:10:01-0800,Trade,Sell to Close,SELL_TO_CLOSE,AMZN  230421P00065000,Equity Option,Sold 1 AMZN 04/21/23 Put 65.00 @ 0.10,10.00,1,10.00,0.00,-0.142,100,AMZN,AMZN,4/21/23,65.0,PUT,257798833,USD
2023-03-03T10:10:01-0800,Trade,Sell to Close,SELL_TO_CLOSE,AMZN  230421C00130000,Equity Option,Sold 1 AMZN 04/21/23 Call 130.00 @ 0.08,8.00,1,8.00,0.00,-0.142,100,AMZN,AMZN,4/21/23,130.0,CALL,257798833,USD
2023-03-03T10:10:01-0800,Trade,Buy to Close,BUY_TO_CLOSE,AMZN  230421P00085000,Equity Option,Bought 1 AMZN 04/21/23 Put 85.00 @ 1.53,-153.00,1,-153.00,0.00,-0.13,100,AMZN,AMZN,4/21/23,85.0,PUT,257798833,USD
2023-03-03T10:10:01-0800,Trade,Buy to Close,BUY_TO_CLOSE,AMZN  230421C00110000,Equity Option,Bought 1 AMZN 04/21/23 Call 110.00 @ 0.68,-68.00,1,-68.00,0.00,-0.13,100,AMZN,AMZN,4/21/23,110.0,CALL,257798833,USD
2023-03-03T10:08:46-0800,Trade,Sell to Close,SELL_TO_CLOSE,AAPL  230421P00115000,Equity Option,Sold 1 AAPL 04/21/23 Put 115.00 @ 0.17,17.00,1,17.00,0.00,-0.142,100,AAPL,AAPL,4/21/23,115.0,PUT,257798160,USD
2023-03-03T10:08:46-0800,Trade,Buy to Close,BUY_TO_CLOSE,AAPL  230421P00135000,Equity Option,Bought 1 AAPL 04/21/23 Put 135.00 @ 1.20,-120.00,1,-120.00,0.00,-0.13,100,AAPL,AAPL,4/21/23,135.0,PUT,257798160,USD
2023-03-02T10:11:44-0800,Trade,Sell to Open,SELL_TO_OPEN,TSLA  230421C00205000,Equity Option,Sold 1 TSLA 04/21/23 Call 205.00 @ 12.59,"1,259.00",1,"1,259.00",-1.00,-0.152,100,TSLA,TSLA,4/21/23,205.0,CALL,257560019,USD
2023-03-02T10:11:44-0800,Trade,Buy to Open,BUY_TO_OPEN,TSLA  230421C00215000,Equity Option,Bought 1 TSLA 04/21/23 Call 215.00 @ 9.46,-946.00,1,-946.00,-1.00,-0.13,100,TSLA,TSLA,4/21/23,215.0,CALL,257560019,USD
2023-03-02T10:10:29-0800,Trade,Buy to Open,BUY_TO_OPEN,ADBE  230421P00275000,Equity Option,Bought 1 ADBE 04/21/23 Put 275.00 @ 3.00,-300.00,1,-300.00,-1.00,-0.13,100,ADBE,ADBE,4/21/23,275.0,PUT,257559673,USD
2023-03-02T10:10:29-0800,Trade,Buy to Open,BUY_TO_OPEN,ADBE  230421C00385000,Equity Option,Bought 1 ADBE 04/21/23 Call 385.00 @ 2.88,-288.00,1,-288.00,-1.00,-0.13,100,ADBE,ADBE,4/21/23,385.0,CALL,257559673,USD
2023-03-02T10:10:29-0800,Trade,Sell to Open,SELL_TO_OPEN,ADBE  230421P00290000,Equity Option,Sold 1 ADBE 04/21/23 Put 290.00 @ 5.07,507.00,1,507.00,-1.00,-0.142,100,ADBE,ADBE,4/21/23,290.0,PUT,257559673,USD
2023-03-02T10:10:29-0800,Trade,Sell to Open,SELL_TO_OPEN,ADBE  230421C00370000,Equity Option,Sold 1 ADBE 04/21/23 Call 370.00 @ 5.15,515.00,1,515.00,-1.00,-0.142,100,ADBE,ADBE,4/21/23,370.0,CALL,257559673,USD
2023-03-02T10:09:06-0800,Trade,Buy to Open,BUY_TO_OPEN,NKE   230421C00150000,Equity Option,Bought 1 NKE 04/21/23 Call 150.00 @ 0.17,-17.00,1,-17.00,-1.00,-0.13,100,NKE,NKE,4/21/23,150.0,CALL,257559316,USD
2023-03-02T10:09:06-0800,Trade,Sell to Open,SELL_TO_OPEN,NKE   230421C00135000,Equity Option,Sold 1 NKE 04/21/23 Call 135.00 @ 1.09,109.00,1,109.00,-1.00,-0.142,100,NKE,NKE,4/21/23,135.0,CALL,257559316,USD
2023-03-02T10:09:06-0800,Trade,Sell to Open,SELL_TO_OPEN,NKE   230421P00105000,Equity Option,Sold 1 NKE 04/21/23 Put 105.00 @ 1.77,177.00,1,177.00,-1.00,-0.142,100,NKE,NKE,4/21/23,105.0,PUT,257559316,USD
2023-03-02T10:09:06-0800,Trade,Buy to Open,BUY_TO_OPEN,NKE   230421P00090000,Equity Option,Bought 1 NKE 04/21/23 Put 90.00 @ 0.40,-40.00,1,-40.00,-1.00,-0.13,100,NKE,NKE,4/21/23,90.0,PUT,257559316,USD
2023-03-02T09:22:03-0800,Trade,Sell to Close,SELL_TO_CLOSE,COIN  230421P00060000,Equity Option,Sold 1 COIN 04/21/23 Put 60.00 @ 9.03,903.00,1,903.00,0.00,-0.142,100,COIN,COIN,4/21/23,60.0,PUT,257544669,USD
2023-03-02T09:22:03-0800,Trade,Buy to Close,BUY_TO_CLOSE,COIN  230317P00050000,Equity Option,Bought 1 COIN 03/17/23 Put 50.00 @ 1.35,-135.00,1,-135.00,0.00,-0.13,100,COIN,COIN,3/17/23,50.0,PUT,257544669,USD
2023-03-01T12:48:57-0800,Trade,Buy to Close,BUY_TO_CLOSE,SPY   230317P00387000,Equity Option,Bought 1 SPY 03/17/23 Put 387.00 @ 3.74,-374.00,1,-374.00,0.00,-0.13,100,SPY,SPY,3/17/23,387.0,PUT,257407318,USD
2023-03-01T12:48:57-0800,Trade,Sell to Close,SELL_TO_CLOSE,SPY   230421P00406000,Equity Option,Sold 1 SPY 04/21/23 Put 406.00 @ 16.31,"1,631.00",1,"1,631.00",0.00,-0.152,100,SPY,SPY,4/21/23,406.0,PUT,257407318,USD
2023-02-28T07:24:34-0800,Trade,Sell to Open,SELL_TO_OPEN,AAPL  230421P00135000,Equity Option,Sold 1 AAPL 04/21/23 Put 135.00 @ 1.95,195.00,1,195.00,-1.00,-0.142,100,AAPL,AAPL,4/21/23,135.0,PUT,257081731,USD
2023-02-28T07:24:34-0800,Trade,Buy to Open,BUY_TO_OPEN,AAPL  230421P00115000,Equity Option,Bought 1 AAPL 04/21/23 Put 115.00 @ 0.31,-31.00,1,-31.00,-1.00,-0.13,100,AAPL,AAPL,4/21/23,115.0,PUT,257081731,USD
2023-02-28T07:23:41-0800,Trade,Buy to Open,BUY_TO_OPEN,COIN  230421P00060000,Equity Option,Bought 1 COIN 04/21/23 Put 60.00 @ 8.11,-811.00,1,-811.00,-1.00,-0.13,100,COIN,COIN,4/21/23,60.0,PUT,257081300,USD
2023-02-28T07:23:41-0800,Trade,Sell to Open,SELL_TO_OPEN,COIN  230317P00050000,Equity Option,Sold 1 COIN 03/17/23 Put 50.00 @ 1.27,127.00,1,127.00,-1.00,-0.142,100,COIN,COIN,3/17/23,50.0,PUT,257081300,USD
2023-02-28T06:37:03-0800,Trade,Sell to Close,SELL_TO_CLOSE,TGT   230421C00200000,Equity Option,Sold 1 TGT 04/21/23 Call 200.00 @ 0.67,67.00,1,67.00,0.00,-0.142,100,TGT,TGT,4/21/23,200.0,CALL,257045577,USD
2023-02-28T06:37:03-0800,Trade,Buy to Close,BUY_TO_CLOSE,TGT   230421C00190000,Equity Option,Bought 1 TGT 04/21/23 Call 190.00 @ 1.80,-180.00,1,-180.00,0.00,-0.13,100,TGT,TGT,4/21/23,190.0,CALL,257045577,USD
2023-02-28T06:37:03-0800,Trade,Buy to Close,BUY_TO_CLOSE,TGT   230421P00150000,Equity Option,Bought 1 TGT 04/21/23 Put 150.00 @ 1.47,-147.00,1,-147.00,0.00,-0.13,100,TGT,TGT,4/21/23,150.0,PUT,257045577,USD
2023-02-28T06:37:03-0800,Trade,Sell to Close,SELL_TO_CLOSE,TGT   230421P00140000,Equity Option,Sold 1 TGT 04/21/23 Put 140.00 @ 0.63,63.00,1,63.00,0.00,-0.142,100,TGT,TGT,4/21/23,140.0,PUT,257045577,USD
2023-02-27T12:47:28-0800,Trade,Buy to Close,BUY_TO_CLOSE,UNG   230317P00012000,Equity Option,Bought 1 UNG 03/17/23 Put 12.00 @ 3.03,-303.00,1,-303.00,0.00,-0.13,100,UNG,UNG,3/17/23,12.0,PUT,257007232,USD
2023-02-27T12:47:28-0800,Trade,Sell to Open,SELL_TO_OPEN,UNG   230421P00012000,Equity Option,Sold 1 UNG 04/21/23 Put 12.00 @ 3.19,319.00,1,319.00,-1.00,-0.142,100,UNG,UNG,4/21/23,12.0,PUT,257007232,USD
2023-02-25T07:03:50-0800,Money Movement,Balance Adjustment,,,,Regulatory fee adjustment,-0.06,0,,--,0.00,,,,,,,,USD
2023-02-23T10:28:55-0800,Trade,Sell to Close,SELL_TO_CLOSE,TSLA  230317C00255000,Equity Option,Sold 1 TSLA 03/17/23 Call 255.00 @ 1.55,155.00,1,155.00,0.00,-0.142,100,TSLA,TSLA,3/17/23,255.0,CALL,256505601,USD
2023-02-23T10:28:55-0800,Trade,Buy to Close,BUY_TO_CLOSE,TSLA  230317C00240000,Equity Option,Bought 1 TSLA 03/17/23 Call 240.00 @ 2.86,-286.00,1,-286.00,0.00,-0.13,100,TSLA,TSLA,3/17/23,240.0,CALL,256505601,USD
2023-02-23T10:28:55-0800,Trade,Buy to Close,BUY_TO_CLOSE,TSLA  230317P00155000,Equity Option,Bought 1 TSLA 03/17/23 Put 155.00 @ 1.64,-164.00,1,-164.00,0.00,-0.13,100,TSLA,TSLA,3/17/23,155.0,PUT,256505601,USD
2023-02-23T10:28:55-0800,Trade,Sell to Close,SELL_TO_CLOSE,TSLA  230317P00140000,Equity Option,Sold 1 TSLA 03/17/23 Put 140.00 @ 0.71,71.00,1,71.00,0.00,-0.142,100,TSLA,TSLA,3/17/23,140.0,PUT,256505601,USD
2023-02-23T07:56:49-0800,Trade,Buy to Open,BUY_TO_OPEN,AMZN  230421P00065000,Equity Option,Bought 1 AMZN 04/21/23 Put 65.00 @ 0.18,-18.00,1,-18.00,-1.00,-0.13,100,AMZN,AMZN,4/21/23,65.0,PUT,256440603,USD
2023-02-23T07:56:49-0800,Trade,Buy to Open,BUY_TO_OPEN,AMZN  230421C00130000,Equity Option,Bought 1 AMZN 04/21/23 Call 130.00 @ 0.16,-16.00,1,-16.00,-1.00,-0.13,100,AMZN,AMZN,4/21/23,130.0,CALL,256440603,USD
2023-02-23T07:56:49-0800,Trade,Sell to Open,SELL_TO_OPEN,AMZN  230421P00085000,Equity Option,Sold 1 AMZN 04/21/23 Put 85.00 @ 2.04,204.00,1,204.00,-1.00,-0.142,100,AMZN,AMZN,4/21/23,85.0,PUT,256440603,USD
2023-02-23T07:56:49-0800,Trade,Sell to Open,SELL_TO_OPEN,AMZN  230421C00110000,Equity Option,Sold 1 AMZN 04/21/23 Call 110.00 @ 1.13,113.00,1,113.00,-1.00,-0.142,100,AMZN,AMZN,4/21/23,110.0,CALL,256440603,USD
2023-02-22T07:49:07-0800,Trade,Buy to Open,BUY_TO_OPEN,TGT   230421C00200000,Equity Option,Bought 1 TGT 04/21/23 Call 200.00 @ 1.22,-122.00,1,-122.00,-1.00,-0.13,100,TGT,TGT,4/21/23,200.0,CALL,256213761,USD
2023-02-22T07:49:07-0800,Trade,Sell to Open,SELL_TO_OPEN,TGT   230421C00190000,Equity Option,Sold 1 TGT 04/21/23 Call 190.00 @ 2.57,257.00,1,257.00,-1.00,-0.142,100,TGT,TGT,4/21/23,190.0,CALL,256213761,USD
2023-02-22T07:49:07-0800,Trade,Sell to Open,SELL_TO_OPEN,TGT   230421P00150000,Equity Option,Sold 1 TGT 04/21/23 Put 150.00 @ 3.73,373.00,1,373.00,-1.00,-0.142,100,TGT,TGT,4/21/23,150.0,PUT,256213761,USD
2023-02-22T07:49:07-0800,Trade,Buy to Open,BUY_TO_OPEN,TGT   230421P00140000,Equity Option,Bought 1 TGT 04/21/23 Put 140.00 @ 2.04,-204.00,1,-204.00,-1.00,-0.13,100,TGT,TGT,4/21/23,140.0,PUT,256213761,USD
2023-02-22T07:47:02-0800,Trade,Buy to Open,BUY_TO_OPEN,MSFT  230421C00295000,Equity Option,Bought 1 MSFT 04/21/23 Call 295.00 @ 1.16,-116.00,1,-116.00,-1.00,-0.13,100,MSFT,MSFT,4/21/23,295.0,CALL,256212717,USD
2023-02-22T07:47:02-0800,Trade,Sell to Open,SELL_TO_OPEN,MSFT  230421C00280000,Equity Option,Sold 1 MSFT 04/21/23 Call 280.00 @ 2.93,293.00,1,293.00,-1.00,-0.142,100,MSFT,MSFT,4/21/23,280.0,CALL,256212717,USD
2023-02-22T07:47:02-0800,Trade,Sell to Open,SELL_TO_OPEN,MSFT  230421P00230000,Equity Option,Sold 1 MSFT 04/21/23 Put 230.00 @ 3.90,390.00,1,390.00,-1.00,-0.142,100,MSFT,MSFT,4/21/23,230.0,PUT,256212717,USD
2023-02-22T07:47:02-0800,Trade,Buy to Open,BUY_TO_OPEN,MSFT  230421P00215000,Equity Option,Bought 1 MSFT 04/21/23 Put 215.00 @ 1.86,-186.00,1,-186.00,-1.00,-0.13,100,MSFT,MSFT,4/21/23,215.0,PUT,256212717,USD
2023-02-17T13:00:00-0800,Receive Deliver,Expiration,,META  230217P00065000,Equity Option,Removal of 1.0 META 02/17/23 Put 65.00 due to expiration.,0.00,1,0.00,--,0.00,100,META,META,2/17/23,65.0,PUT,,USD
2023-02-16T14:00:00-0800,Money Movement,Credit Interest,,,,INTEREST ON CREDIT BALANCE,0.43,0,,--,0.00,,,,,,,,USD
2023-02-11T07:42:29-0800,Money Movement,Balance Adjustment,,,,Regulatory fee adjustment,-0.02,0,,--,0.00,,,,,,,,USD
2023-02-10T09:39:13-0800,Trade,Buy to Close,BUY_TO_CLOSE,META  230217P00100000,Equity Option,Bought 1 META 02/17/23 Put 100.00 @ 0.01,-1.00,1,-1.00,0.00,-0.13,100,META,META,2/17/23,100.0,PUT,254728026,USD
2023-02-06T12:30:41-0800,Trade,Buy to Open,BUY_TO_OPEN,TSLA  230317C00255000,Equity Option,Bought 1 TSLA 03/17/23 Call 255.00 @ 3.64,-364.00,1,-364.00,-1.00,-0.13,100,TSLA,TSLA,3/17/23,255.0,CALL,253912529,USD
2023-02-06T12:30:41-0800,Trade,Sell to Open,SELL_TO_OPEN,TSLA  230317C00240000,Equity Option,Sold 1 TSLA 03/17/23 Call 240.00 @ 5.36,536.00,1,536.00,-1.00,-0.152,100,TSLA,TSLA,3/17/23,240.0,CALL,253912529,USD
2023-02-06T12:30:41-0800,Trade,Sell to Open,SELL_TO_OPEN,TSLA  230317P00155000,Equity Option,Sold 1 TSLA 03/17/23 Put 155.00 @ 4.02,402.00,1,402.00,-1.00,-0.142,100,TSLA,TSLA,3/17/23,155.0,PUT,253912529,USD
2023-02-06T12:30:41-0800,Trade,Buy to Open,BUY_TO_OPEN,TSLA  230317P00140000,Equity Option,Bought 1 TSLA 03/17/23 Put 140.00 @ 2.06,-206.00,1,-206.00,-1.00,-0.13,100,TSLA,TSLA,3/17/23,140.0,PUT,253912529,USD
2023-02-06T12:28:08-0800,Trade,Buy to Open,BUY_TO_OPEN,UNG,Equity,Bought 100 UNG @ 8.44,-844.50,100,-8.44,0.00,-0.08,,,,,,,253911426,USD
2023-02-04T06:33:49-0800,Money Movement,Balance Adjustment,,,,Regulatory fee adjustment,-0.04,0,,--,0.00,,,,,,,,USD
2023-02-02T07:41:52-0800,Trade,Sell to Close,SELL_TO_CLOSE,QQQ   230217C00300000,Equity Option,Sold 1 QQQ 02/17/23 Call 300.00 @ 13.74,"1,374.00",1,"1,374.00",0.00,-0.172,100,QQQ,QQQ,2/17/23,300.0,CALL,253286310,USD
2023-02-02T07:41:52-0800,Trade,Buy to Close,BUY_TO_CLOSE,QQQ   230217C00288000,Equity Option,Bought 1 QQQ 02/17/23 Call 288.00 @ 24.05,"-2,405.00",1,"-2,405.00",0.00,-0.13,100,QQQ,QQQ,2/17/23,288.0,CALL,253286310,USD
2023-02-02T07:41:52-0800,Trade,Buy to Close,BUY_TO_CLOSE,QQQ   230217P00242000,Equity Option,Bought 1 QQQ 02/17/23 Put 242.00 @ 0.02,-2.00,1,-2.00,0.00,-0.13,100,QQQ,QQQ,2/17/23,242.0,PUT,253286310,USD
2023-02-02T07:41:52-0800,Trade,Sell to Close,SELL_TO_CLOSE,QQQ   230217P00225000,Equity Option,Sold 1 QQQ 02/17/23 Put 225.00 @ 0.01,1.00,1,1.00,0.00,-0.142,100,QQQ,QQQ,2/17/23,225.0,PUT,253286310,USD
2023-02-02T07:41:45-0800,Trade,Sell to Close,SELL_TO_CLOSE,AAPL  230217C00145000,Equity Option,Sold 1 AAPL 02/17/23 Call 145.00 @ 7.13,713.00,1,713.00,0.00,-0.152,100,AAPL,AAPL,2/17/23,145.0,CALL,253286176,USD
2023-02-02T07:41:45-0800,Trade,Buy to Close,BUY_TO_CLOSE,AAPL  230217C00135000,Equity Option,Bought 1 AAPL 02/17/23 Call 135.00 @ 15.39,"-1,539.00",1,"-1,539.00",0.00,-0.13,100,AAPL,AAPL,2/17/23,135.0,CALL,253286176,USD
2023-02-02T06:50:53-0800,Trade,Buy to Close,BUY_TO_CLOSE,SQ    230217C00080000,Equity Option,Bought 1 SQ 02/17/23 Call 80.00 @ 9.97,-997.00,1,-997.00,0.00,-0.13,100,SQ,SQ,2/17/23,80.0,CALL,253233260,USD
2023-02-02T06:50:28-0800,Trade,Buy to Close,BUY_TO_CLOSE,META  230317C00155000,Equity Option,Bought 1 META 03/17/23 Call 155.00 @ 30.20,"-3,020.00",1,"-3,020.00",0.00,-0.13,100,META,META,3/17/23,155.0,CALL,253232419,USD
2023-02-02T06:50:28-0800,Trade,Sell to Close,SELL_TO_CLOSE,META  230317C00190000,Equity Option,Sold 1 META 03/17/23 Call 190.00 @ 6.80,680.00,1,680.00,0.00,-0.152,100,META,META,3/17/23,190.0,CALL,253232419,USD
2023-02-01T12:59:55-0800,Trade,Sell to Close,SELL_TO_CLOSE,META  230217C00190000,Equity Option,Sold 1 META 02/17/23 Call 190.00 @ 0.63,63.00,1,63.00,0.00,-0.142,100,META,META,2/17/23,190.0,CALL,253166492,USD
2023-02-01T12:59:55-0800,Trade,Buy to Close,BUY_TO_CLOSE,META  230217C00155000,Equity Option,Bought 1 META 02/17/23 Call 155.00 @ 7.57,-757.00,1,-757.00,0.00,-0.13,100,META,META,2/17/23,155.0,CALL,253166492,USD
2023-02-01T12:59:55-0800,Trade,Buy to Open,BUY_TO_OPEN,META  230317C00190000,Equity Option,Bought 1 META 03/17/23 Call 190.00 @ 1.31,-131.00,1,-131.00,-1.00,-0.13,100,META,META,3/17/23,190.0,CALL,253166492,USD
2023-02-01T12:59:55-0800,Trade,Sell to Open,SELL_TO_OPEN,META  230317C00155000,Equity Option,Sold 1 META 03/17/23 Call 155.00 @ 9.76,976.00,1,976.00,-1.00,-0.162,100,META,META,3/17/23,155.0,CALL,253166492,USD
2023-01-28T07:11:30-0800,Money Movement,Balance Adjustment,,,,Regulatory fee adjustment,-0.03,0,,--,0.00,,,,,,,,USD
2023-01-27T08:59:47-0800,Trade,Sell to Open,SELL_TO_OPEN,UNG   230317P00012000,Equity Option,Sold 1 UNG 03/17/23 Put 12.00 @ 2.78,278.00,1,278.00,-1.00,-0.132,100,UNG,UNG,3/17/23,12.0,PUT,252423261,USD
2023-01-27T08:59:47-0800,Trade,Buy to Close,BUY_TO_CLOSE,UNG   230217P00012000,Equity Option,Bought 1 UNG 02/17/23 Put 12.00 @ 2.58,-258.00,1,-258.00,0.00,-0.12,100,UNG,UNG,2/17/23,12.0,PUT,252423261,USD
2023-01-27T07:31:29-0800,Trade,Buy to Close,BUY_TO_CLOSE,SQ    230217P00047500,Equity Option,Bought 1 SQ 02/17/23 Put 47.50 @ 0.04,-4.00,1,-4.00,0.00,-0.12,100,SQ,SQ,2/17/23,47.5,PUT,252367939,USD
2023-01-25T06:54:33-0800,Trade,Sell to Close,SELL_TO_CLOSE,MSFT  230317C00240000,Equity Option,Sold 1 MSFT 03/17/23 Call 240.00 @ 5.61,561.00,1,561.00,0.00,-0.142,100,MSFT,MSFT,3/17/23,240.0,CALL,251884549,USD
2023-01-25T06:38:14-0800,Trade,Buy to Close,BUY_TO_CLOSE,MSFT  230127C00250000,Equity Option,Bought 1 MSFT 01/27/23 Call 250.00 @ 0.06,-6.00,1,-6.00,0.00,-0.12,100,MSFT,MSFT,1/27/23,250.0,CALL,251867746,USD
2023-01-24T11:51:32-0800,Trade,Sell to Open,SELL_TO_OPEN,MSFT  230127C00250000,Equity Option,Sold 1 MSFT 01/27/23 Call 250.00 @ 2.92,292.00,1,292.00,-1.00,-0.132,100,MSFT,MSFT,1/27/23,250.0,CALL,251801661,USD
2023-01-24T11:51:32-0800,Trade,Buy to Open,BUY_TO_OPEN,MSFT  230317C00240000,Equity Option,Bought 1 MSFT 03/17/23 Call 240.00 @ 12.21,"-1,221.00",1,"-1,221.00",-1.00,-0.12,100,MSFT,MSFT,3/17/23,240.0,CALL,251801661,USD
2023-01-21T07:48:45-0800,Money Movement,Balance Adjustment,,,,Regulatory fee adjustment,-0.04,0,,--,0.00,,,,,,,,USD
2023-01-20T12:06:50-0800,Trade,Sell to Open,SELL_TO_OPEN,SPY   230317P00387000,Equity Option,Sold 1 SPY 03/17/23 Put 387.00 @ 7.98,798.00,1,798.00,-1.00,-0.142,100,SPY,SPY,3/17/23,387.0,PUT,251381750,USD
2023-01-20T12:06:50-0800,Trade,Buy to Open,BUY_TO_OPEN,SPY   230421P00406000,Equity Option,Bought 1 SPY 04/21/23 Put 406.00 @ 18.66,"-1,866.00",1,"-1,866.00",-1.00,-0.12,100,SPY,SPY,4/21/23,406.0,PUT,251381750,USD
2023-01-19T07:47:21-0800,Trade,Buy to Close,BUY_TO_CLOSE,GDXJ  230217C00043000,Equity Option,Bought 1 GDXJ 02/17/23 Call 43.00 @ 0.60,-60.00,1,-60.00,0.00,-0.12,100,GDXJ,GDXJ,2/17/23,43.0,CALL,251066654,USD
2023-01-19T07:47:21-0800,Trade,Buy to Close,BUY_TO_CLOSE,GDXJ  230217P00031000,Equity Option,Bought 1 GDXJ 02/17/23 Put 31.00 @ 0.10,-10.00,1,-10.00,0.00,-0.12,100,GDXJ,GDXJ,2/17/23,31.0,PUT,251066654,USD
2023-01-19T07:39:27-0800,Trade,Sell to Close,SELL_TO_CLOSE,TGT   230217C00195000,Equity Option,Sold 1 TGT 02/17/23 Call 195.00 @ 0.05,5.00,1,5.00,0.00,-0.132,100,TGT,TGT,2/17/23,195.0,CALL,251066423,USD
2023-01-19T07:39:27-0800,Trade,Sell to Close,SELL_TO_CLOSE,TGT   230217P00100000,Equity Option,Sold 1 TGT 02/17/23 Put 100.00 @ 0.01,1.00,1,1.00,0.00,-0.132,100,TGT,TGT,2/17/23,100.0,PUT,251066423,USD
2023-01-19T07:39:27-0800,Trade,Buy to Close,BUY_TO_CLOSE,TGT   230217C00165000,Equity Option,Bought 1 TGT 02/17/23 Call 165.00 @ 2.17,-217.00,1,-217.00,0.00,-0.12,100,TGT,TGT,2/17/23,165.0,CALL,251066423,USD
2023-01-19T07:39:27-0800,Trade,Buy to Close,BUY_TO_CLOSE,TGT   230217P00130000,Equity Option,Bought 1 TGT 02/17/23 Put 130.00 @ 0.29,-29.00,1,-29.00,0.00,-0.12,100,TGT,TGT,2/17/23,130.0,PUT,251066423,USD
2023-01-18T06:52:12-0800,Trade,Sell to Close,SELL_TO_CLOSE,XOP   230217C00170000,Equity Option,Sold 1 XOP 02/17/23 Call 170.00 @ 0.19,19.00,1,19.00,0.00,-0.132,100,XOP,XOP,2/17/23,170.0,CALL,250804875,USD
2023-01-18T06:52:12-0800,Trade,Sell to Close,SELL_TO_CLOSE,XOP   230217P00085000,Equity Option,Sold 1 XOP 02/17/23 Put 85.00 @ 0.02,2.00,1,2.00,0.00,-0.132,100,XOP,XOP,2/17/23,85.0,PUT,250804875,USD
2023-01-18T06:52:12-0800,Trade,Buy to Close,BUY_TO_CLOSE,XOP   230217C00149000,Equity Option,Bought 1 XOP 02/17/23 Call 149.00 @ 3.19,-319.00,1,-319.00,0.00,-0.12,100,XOP,XOP,2/17/23,149.0,CALL,250804875,USD
2023-01-18T06:52:12-0800,Trade,Buy to Close,BUY_TO_CLOSE,XOP   230217P00110000,Equity Option,Bought 1 XOP 02/17/23 Put 110.00 @ 0.17,-17.00,1,-17.00,0.00,-0.12,100,XOP,XOP,2/17/23,110.0,PUT,250804875,USD
2023-01-17T14:00:00-0800,Money Movement,Credit Interest,,,,INTEREST ON CREDIT BALANCE,0.22,0,,--,0.00,,,,,,,,USD
2023-01-14T06:47:57-0800,Money Movement,Balance Adjustment,,,,Regulatory fee adjustment,-0.02,0,,--,0.00,,,,,,,,USD
2023-01-10T08:05:52-0800,Trade,Buy to Close,BUY_TO_CLOSE,XLE   230217C00096000,Equity Option,Bought 1 XLE 02/17/23 Call 96.00 @ 0.68,-68.00,1,-68.00,0.00,-0.12,100,XLE,XLE,2/17/23,96.0,CALL,249805002,USD
2023-01-10T08:05:52-0800,Trade,Buy to Close,BUY_TO_CLOSE,XLE   230217P00073000,Equity Option,Bought 1 XLE 02/17/23 Put 73.00 @ 0.40,-40.00,1,-40.00,0.00,-0.12,100,XLE,XLE,2/17/23,73.0,PUT,249805002,USD
2023-01-10T06:50:34-0800,Trade,Sell to Close,SELL_TO_CLOSE,FDX   230217P00145000,Equity Option,Sold 1 FDX 02/17/23 Put 145.00 @ 0.20,20.00,1,20.00,0.00,-0.132,100,FDX,FDX,2/17/23,145.0,PUT,249760474,USD
2023-01-10T06:50:34-0800,Trade,Sell to Close,SELL_TO_CLOSE,FDX   230217C00220000,Equity Option,Sold 1 FDX 02/17/23 Call 220.00 @ 0.35,35.00,1,35.00,0.00,-0.132,100,FDX,FDX,2/17/23,220.0,CALL,249760474,USD
2023-01-10T06:50:34-0800,Trade,Buy to Close,BUY_TO_CLOSE,FDX   230217P00165000,Equity Option,Bought 1 FDX 02/17/23 Put 165.00 @ 1.23,-123.00,1,-123.00,0.00,-0.12,100,FDX,FDX,2/17/23,165.0,PUT,249760474,USD
2023-01-10T06:50:34-0800,Trade,Buy to Close,BUY_TO_CLOSE,FDX   230217C00200000,Equity Option,Bought 1 FDX 02/17/23 Call 200.00 @ 2.80,-280.00,1,-280.00,0.00,-0.12,100,FDX,FDX,2/17/23,200.0,CALL,249760474,USD
2023-01-09T09:34:24-0800,Trade,Buy to Close,BUY_TO_CLOSE,AMZN  230217P00075000,Equity Option,Bought 1 AMZN 02/17/23 Put 75.00 @ 1.38,-138.00,1,-138.00,0.00,-0.12,100,AMZN,AMZN,2/17/23,75.0,PUT,249641956,USD
2023-01-09T06:37:27-0800,Trade,Sell to Close,SELL_TO_CLOSE,F,Equity,Sold 200 F @ 12.64,"2,528.02",200,12.64,0.00,-0.249,,,,,,,249531294,USD
2023-01-07T07:34:30-0800,Money Movement,Balance Adjustment,,,,Regulatory fee adjustment,-0.06,0,,--,0.00,,,,,,,,USD
2023-01-05T07:57:36-0800,Trade,Buy to Close,BUY_TO_CLOSE,UNG   230217C00026000,Equity Option,Bought 1 UNG 02/17/23 Call 26.00 @ 0.07,-7.00,1,-7.00,0.00,-0.12,100,UNG,UNG,2/17/23,26.0,CALL,249150975,USD
2023-01-04T08:06:46-0800,Trade,Buy to Open,BUY_TO_OPEN,AAPL  230217C00145000,Equity Option,Bought 1 AAPL 02/17/23 Call 145.00 @ 1.09,-109.00,1,-109.00,-1.00,-0.12,100,AAPL,AAPL,2/17/23,145.0,CALL,248946578,USD
2023-01-04T08:06:46-0800,Trade,Sell to Open,SELL_TO_OPEN,AAPL  230217C00135000,Equity Option,Sold 1 AAPL 02/17/23 Call 135.00 @ 3.40,340.00,1,340.00,-1.00,-0.132,100,AAPL,AAPL,2/17/23,135.0,CALL,248946578,USD
2023-01-04T07:58:58-0800,Trade,Buy to Open,BUY_TO_OPEN,FDX   230217P00145000,Equity Option,Bought 1 FDX 02/17/23 Put 145.00 @ 0.61,-61.00,1,-61.00,-1.00,-0.12,100,FDX,FDX,2/17/23,145.0,PUT,248943389,USD
2023-01-04T07:58:58-0800,Trade,Sell to Open,SELL_TO_OPEN,FDX   230217P00165000,Equity Option,Sold 1 FDX 02/17/23 Put 165.00 @ 2.61,261.00,1,261.00,-1.00,-0.132,100,FDX,FDX,2/17/23,165.0,PUT,248943389,USD
2023-01-04T07:58:58-0800,Trade,Buy to Open,BUY_TO_OPEN,FDX   230217C00220000,Equity Option,Bought 1 FDX 02/17/23 Call 220.00 @ 0.27,-27.00,1,-27.00,-1.00,-0.12,100,FDX,FDX,2/17/23,220.0,CALL,248943389,USD
2023-01-04T07:58:58-0800,Trade,Sell to Open,SELL_TO_OPEN,FDX   230217C00200000,Equity Option,Sold 1 FDX 02/17/23 Call 200.00 @ 1.90,190.00,1,190.00,-1.00,-0.132,100,FDX,FDX,2/17/23,200.0,CALL,248943389,USD
2023-01-03T12:03:11-0800,Trade,Buy to Open,BUY_TO_OPEN,XOP   230217C00170000,Equity Option,Bought 1 XOP 02/17/23 Call 170.00 @ 0.22,-22.00,1,-22.00,-1.00,-0.12,100,XOP,XOP,2/17/23,170.0,CALL,248827503,USD
2023-01-03T12:03:11-0800,Trade,Sell to Open,SELL_TO_OPEN,XOP   230217C00149000,Equity Option,Sold 1 XOP 02/17/23 Call 149.00 @ 1.67,167.00,1,167.00,-1.00,-0.132,100,XOP,XOP,2/17/23,149.0,CALL,248827503,USD
2023-01-03T12:03:11-0800,Trade,Sell to Open,SELL_TO_OPEN,XOP   230217P00110000,Equity Option,Sold 1 XOP 02/17/23 Put 110.00 @ 2.41,241.00,1,241.00,-1.00,-0.132,100,XOP,XOP,2/17/23,110.0,PUT,248827503,USD
2023-01-03T12:03:11-0800,Trade,Buy to Open,BUY_TO_OPEN,XOP   230217P00085000,Equity Option,Bought 1 XOP 02/17/23 Put 85.00 @ 0.29,-29.00,1,-29.00,-1.00,-0.12,100,XOP,XOP,2/17/23,85.0,PUT,248827503,USD
2023-01-03T09:57:10-0800,Trade,Buy to Open,BUY_TO_OPEN,META  230217P00065000,Equity Option,Bought 1 META 02/17/23 Put 65.00 @ 0.18,-18.00,1,-18.00,-1.00,-0.12,100,META,META,2/17/23,65.0,PUT,248793994,USD
2023-01-03T09:57:10-0800,Trade,Buy to Open,BUY_TO_OPEN,META  230217C00190000,Equity Option,Bought 1 META 02/17/23 Call 190.00 @ 0.36,-36.00,1,-36.00,-1.00,-0.12,100,META,META,2/17/23,190.0,CALL,248793994,USD
2023-01-03T09:57:10-0800,Trade,Sell to Open,SELL_TO_OPEN,META  230217P00100000,Equity Option,Sold 1 META 02/17/23 Put 100.00 @ 2.71,271.00,1,271.00,-1.00,-0.132,100,META,META,2/17/23,100.0,PUT,248793994,USD
2023-01-03T09:57:10-0800,Trade,Sell to Open,SELL_TO_OPEN,META  230217C00155000,Equity Option,Sold 1 META 02/17/23 Call 155.00 @ 2.29,229.00,1,229.00,-1.00,-0.132,100,META,META,2/17/23,155.0,CALL,248793994,USD
2023-01-03T09:53:41-0800,Trade,Sell to Open,SELL_TO_OPEN,AMZN  230217P00075000,Equity Option,Sold 1 AMZN 02/17/23 Put 75.00 @ 2.50,250.00,1,250.00,-1.00,-0.132,100,AMZN,AMZN,2/17/23,75.0,PUT,248792814,USD
2023-01-03T09:44:56-0800,Trade,Buy to Open,BUY_TO_OPEN,F,Equity,Bought 200 F @ 11.64,"-2,327.98",200,-11.64,0.00,-0.16,,,,,,,248789493,USD
